"['Tips For Traveling With Young Children', [(u'Tips', u'O'), (u'For', u'O'), (u'Traveling', u'O'), (u'With', u'O'), (u'Young', u'O'), (u'Children', u'O')]]"
"['Area Family Has No Idea Where Dad Gets Shirts', [(u'Area', u'O'), (u'Family', u'O'), (u'Has', u'O'), (u'No', u'O'), (u'Idea', u'O'), (u'Where', u'O'), (u'Dad', u'O'), (u'Gets', u'O'), (u'Shirts', u'O')]]"
"['Area Man Uninterested In Creating A Better Community Even Though This May Benefit Him In The Long Run', [(u'Area', u'O'), (u'Man', u'O'), (u'Uninterested', u'O'), (u'In', u'O'), (u'Creating', u'O'), (u'A', u'O'), (u'Better', u'O'), (u'Community', u'O'), (u'Even', u'O'), (u'Though', u'O'), (u'This', u'O'), (u'May', u'O'), (u'Benefit', u'O'), (u'Him', u'O'), (u'In', u'O'), (u'The', u'O'), (u'Long', u'O'), (u'Run', u'O')]]"
"['Everything Taking Too Long', [(u'Everything', u'O'), (u'Taking', u'O'), (u'Too', u'O'), (u'Long', u'O')]]"
"['Mother Still Searching For Preschool That Focuses Exclusively On Her Son', [(u'Mother', u'O'), (u'Still', u'O'), (u'Searching', u'O'), (u'For', u'O'), (u'Preschool', u'O'), (u'That', u'O'), (u'Focuses', u'O'), (u'Exclusively', u'O'), (u'On', u'O'), (u'Her', u'O'), (u'Son', u'O')]]"
"['Banjo Player Sought In Hootenanny Spree', [(u'Banjo', u'O'), (u'Player', u'O'), (u'Sought', u'O'), (u'In', u'O'), (u'Hootenanny', u'O'), (u'Spree', u'O')]]"
"['Hundreds Of Horrified Onlookers Gather Around Wreckage Of Area Man', [(u'Hundreds', u'O'), (u'Of', u'O'), (u'Horrified', u'O'), (u'Onlookers', u'O'), (u'Gather', u'O'), (u'Around', u'O'), (u'Wreckage', u'O'), (u'Of', u'O'), (u'Area', u'O'), (u'Man', u'O')]]"
"['Tips For A Healthy Pregnancy', [(u'Tips', u'O'), (u'For', u'O'), (u'A', u'O'), (u'Healthy', u'O'), (u'Pregnancy', u'O')]]"
"[""Area Man Does Indeed Belong At Applebee's"", [(u'Area', u'O'), (u'Man', u'O'), (u'Does', u'O'), (u'Indeed', u'O'), (u'Belong', u'O'), (u'At', u'O'), (u""Applebee's"", u'O')]]"
"[""Man At Bar Clinging To Muted 'King Of Queens' Episode Like Life Preserver"", [(u'Man', u'O'), (u'At', u'O'), (u'Bar', u'O'), (u'Clinging', u'O'), (u'To', u'O'), (u'Muted', u'O'), (u""'King"", u'O'), (u'Of', u'O'), (u""Queens'"", u'O'), (u'Episode', u'O'), (u'Like', u'O'), (u'Life', u'O'), (u'Preserver', u'O')]]"
"['Area Man Proud He Can Still Fit Into Car From High School', [(u'Area', u'O'), (u'Man', u'O'), (u'Proud', u'O'), (u'He', u'O'), (u'Can', u'O'), (u'Still', u'O'), (u'Fit', u'O'), (u'Into', u'O'), (u'Car', u'O'), (u'From', u'O'), (u'High', u'O'), (u'School', u'O')]]"
"['38-Year-Old Little Boy Posts Picture Of Fast Car He Likes To Facebook', [(u'38-Year-Old', u'O'), (u'Little', u'O'), (u'Boy', u'O'), (u'Posts', u'O'), (u'Picture', u'O'), (u'Of', u'O'), (u'Fast', u'O'), (u'Car', u'O'), (u'He', u'O'), (u'Likes', u'O'), (u'To', u'O'), (u'Facebook', u'ORGANIZATION')]]"
"['Women Are Way Out Of My League', [(u'Women', u'O'), (u'Are', u'O'), (u'Way', u'O'), (u'Out', u'O'), (u'Of', u'O'), (u'My', u'O'), (u'League', u'O')]]"
"['Mother Trying Her Best To Project Same Amount Of Insecurities Onto All Her Daughters', [(u'Mother', u'O'), (u'Trying', u'O'), (u'Her', u'O'), (u'Best', u'O'), (u'To', u'O'), (u'Project', u'O'), (u'Same', u'O'), (u'Amount', u'O'), (u'Of', u'O'), (u'Insecurities', u'O'), (u'Onto', u'O'), (u'All', u'O'), (u'Her', u'O'), (u'Daughters', u'O')]]"
"['This Great Song, Bar Sources Report', [(u'This', u'O'), (u'Great', u'O'), (u'Song,', u'O'), (u'Bar', u'O'), (u'Sources', u'O'), (u'Report', u'O')]]"
"['Study Links Meat, Sugar Consumption To Early Death Among Those Who Choose To Be Happy In Life', [(u'Study', u'O'), (u'Links', u'O'), (u'Meat,', u'O'), (u'Sugar', u'O'), (u'Consumption', u'O'), (u'To', u'O'), (u'Early', u'O'), (u'Death', u'O'), (u'Among', u'O'), (u'Those', u'O'), (u'Who', u'O'), (u'Choose', u'O'), (u'To', u'O'), (u'Be', u'O'), (u'Happy', u'O'), (u'In', u'O'), (u'Life', u'O')]]"
"['Tips For Conquering Phobias', [(u'Tips', u'O'), (u'For', u'O'), (u'Conquering', u'O'), (u'Phobias', u'O')]]"
"['Mother Provides Adult Son With List Of Questions To Ask Doctor', [(u'Mother', u'O'), (u'Provides', u'O'), (u'Adult', u'O'), (u'Son', u'O'), (u'With', u'O'), (u'List', u'O'), (u'Of', u'O'), (u'Questions', u'O'), (u'To', u'O'), (u'Ask', u'O'), (u'Doctor', u'O')]]"
"['Man Desperately Trying To Wring Every Last Ounce Of Relaxation From Final Day Of Vacation', [(u'Man', u'O'), (u'Desperately', u'O'), (u'Trying', u'O'), (u'To', u'O'), (u'Wring', u'O'), (u'Every', u'O'), (u'Last', u'O'), (u'Ounce', u'O'), (u'Of', u'O'), (u'Relaxation', u'O'), (u'From', u'O'), (u'Final', u'O'), (u'Day', u'O'), (u'Of', u'O'), (u'Vacation', u'O')]]"
"['Love Affair Not Torrid Enough For Area Man', [(u'Love', u'O'), (u'Affair', u'O'), (u'Not', u'O'), (u'Torrid', u'O'), (u'Enough', u'O'), (u'For', u'O'), (u'Area', u'O'), (u'Man', u'O')]]"
"['Attempts Made To Enjoy Sake', [(u'Attempts', u'O'), (u'Made', u'O'), (u'To', u'O'), (u'Enjoy', u'O'), (u'Sake', u'O')]]"
"['Man Takes Parents On Tour Of City Where He Came To Escape Them', [(u'Man', u'O'), (u'Takes', u'O'), (u'Parents', u'O'), (u'On', u'O'), (u'Tour', u'O'), (u'Of', u'O'), (u'City', u'O'), (u'Where', u'O'), (u'He', u'O'), (u'Came', u'O'), (u'To', u'O'), (u'Escape', u'O'), (u'Them', u'O')]]"
"['Wealthiest Americans Ominously Remind Nation They Could Easily Drop Another $10 Billion On Election', [(u'Wealthiest', u'O'), (u'Americans', u'O'), (u'Ominously', u'O'), (u'Remind', u'O'), (u'Nation', u'O'), (u'They', u'O'), (u'Could', u'O'), (u'Easily', u'O'), (u'Drop', u'O'), (u'Another', u'O'), (u'$10', u'O'), (u'Billion', u'O'), (u'On', u'O'), (u'Election', u'O')]]"
"['Total Weirdo Spends Mother\xe2\x80\x99s Day At Cemetery', [(u'Total', u'O'), (u'Weirdo', u'O'), (u'Spends', u'O'), (u'Mother\u2019s', u'O'), (u'Day', u'O'), (u'At', u'O'), (u'Cemetery', u'O')]]"
"['Average Time Spent Being Happy Drops To 13 Seconds Per Day', [(u'Average', u'O'), (u'Time', u'O'), (u'Spent', u'O'), (u'Being', u'O'), (u'Happy', u'O'), (u'Drops', u'O'), (u'To', u'O'), (u'13', u'O'), (u'Seconds', u'O'), (u'Per', u'O'), (u'Day', u'O')]]"
"['Attorney Friends Catch Up While Briskly Walking Down Courthouse Steps', [(u'Attorney', u'O'), (u'Friends', u'O'), (u'Catch', u'O'), (u'Up', u'O'), (u'While', u'O'), (u'Briskly', u'O'), (u'Walking', u'O'), (u'Down', u'O'), (u'Courthouse', u'O'), (u'Steps', u'O')]]"
"['Phone Call With Dad Just Watered-Down Version Of Phone Call With Mom', [(u'Phone', u'O'), (u'Call', u'O'), (u'With', u'O'), (u'Dad', u'O'), (u'Just', u'O'), (u'Watered-Down', u'O'), (u'Version', u'O'), (u'Of', u'O'), (u'Phone', u'O'), (u'Call', u'O'), (u'With', u'O'), (u'Mom', u'O')]]"
"['Grin Slowly Spreads Across Mom\xe2\x80\x99s Face As Meal Revealed To Contain Healthy Ingredients', [(u'Grin', u'O'), (u'Slowly', u'O'), (u'Spreads', u'O'), (u'Across', u'O'), (u'Mom\u2019s', u'O'), (u'Face', u'O'), (u'As', u'O'), (u'Meal', u'O'), (u'Revealed', u'O'), (u'To', u'O'), (u'Contain', u'O'), (u'Healthy', u'O'), (u'Ingredients', u'O')]]"
"['Paul Ryan Discovers Half-Finished Escape Tunnel Leading Out Of Speaker\xe2\x80\x99s Office', [(u'Paul', u'PERSON'), (u'Ryan', u'PERSON'), (u'Discovers', u'O'), (u'Half-Finished', u'O'), (u'Escape', u'O'), (u'Tunnel', u'O'), (u'Leading', u'O'), (u'Out', u'O'), (u'Of', u'O'), (u'Speaker\u2019s', u'O'), (u'Office', u'O')]]"
"['Alcoholic Father Granted Posthumous Sainthood By Catholic Family', [(u'Alcoholic', u'O'), (u'Father', u'O'), (u'Granted', u'O'), (u'Posthumous', u'O'), (u'Sainthood', u'O'), (u'By', u'O'), (u'Catholic', u'ORGANIZATION'), (u'Family', u'ORGANIZATION')]]"
"['Sudden Death Of Aunt Creates Rupture In Family Gossip Pipeline', [(u'Sudden', u'O'), (u'Death', u'O'), (u'Of', u'O'), (u'Aunt', u'O'), (u'Creates', u'O'), (u'Rupture', u'O'), (u'In', u'O'), (u'Family', u'O'), (u'Gossip', u'O'), (u'Pipeline', u'O')]]"
"['Horrified Man Looks On Powerlessly As He Ruins Date', [(u'Horrified', u'O'), (u'Man', u'O'), (u'Looks', u'O'), (u'On', u'O'), (u'Powerlessly', u'O'), (u'As', u'O'), (u'He', u'O'), (u'Ruins', u'O'), (u'Date', u'O')]]"
"['Employee Returns From Vacation Refreshed, Ready To Waste Time', [(u'Employee', u'O'), (u'Returns', u'O'), (u'From', u'O'), (u'Vacation', u'O'), (u'Refreshed,', u'O'), (u'Ready', u'O'), (u'To', u'O'), (u'Waste', u'O'), (u'Time', u'O')]]"
"['Area Man Too Busy For His Buddy Phil, Eh?', [(u'Area', u'O'), (u'Man', u'O'), (u'Too', u'O'), (u'Busy', u'O'), (u'For', u'O'), (u'His', u'O'), (u'Buddy', u'O'), (u'Phil,', u'O'), (u'Eh?', u'O')]]"
"['Back-To-School Preparation Tips For Parents', [(u'Back-To-School', u'O'), (u'Preparation', u'O'), (u'Tips', u'O'), (u'For', u'O'), (u'Parents', u'O')]]"
"['Good News Kept From Parents Out Of Fear Of Proving Them Right', [(u'Good', u'O'), (u'News', u'O'), (u'Kept', u'O'), (u'From', u'O'), (u'Parents', u'O'), (u'Out', u'O'), (u'Of', u'O'), (u'Fear', u'O'), (u'Of', u'O'), (u'Proving', u'O'), (u'Them', u'O'), (u'Right', u'O')]]"
"['BREAKING: Sprinting College Student Might Actually Have Chance At Getting Frisbee', [(u'BREAKING:', u'O'), (u'Sprinting', u'O'), (u'College', u'O'), (u'Student', u'O'), (u'Might', u'O'), (u'Actually', u'O'), (u'Have', u'O'), (u'Chance', u'O'), (u'At', u'O'), (u'Getting', u'O'), (u'Frisbee', u'O')]]"
"['Hotel Bar Really Hopping Tonight, Says Hotel Bartender', [(u'Hotel', u'O'), (u'Bar', u'O'), (u'Really', u'O'), (u'Hopping', u'O'), (u'Tonight,', u'O'), (u'Says', u'O'), (u'Hotel', u'O'), (u'Bartender', u'O')]]"
"['Winners And Losers Of Last Night\xe2\x80\x99s Debate', [(u'Winners', u'O'), (u'And', u'O'), (u'Losers', u'O'), (u'Of', u'O'), (u'Last', u'O'), (u'Night\u2019s', u'O'), (u'Debate', u'O')]]"
"['Mom Scanning Menu Finds \xe2\x80\x98Pan-Seared Diver Scallops\xe2\x80\x99 Faster Than Speed Of Light', [(u'Mom', u'O'), (u'Scanning', u'O'), (u'Menu', u'O'), (u'Finds', u'O'), (u'\u2018Pan-Seared', u'O'), (u'Diver', u'O'), (u'Scallops\u2019', u'O'), (u'Faster', u'O'), (u'Than', u'O'), (u'Speed', u'O'), (u'Of', u'O'), (u'Light', u'O')]]"
"['Encouragement Of Family, Friends Motivating Man To Keep Struggling Indefinitely', [(u'Encouragement', u'O'), (u'Of', u'O'), (u'Family,', u'O'), (u'Friends', u'O'), (u'Motivating', u'O'), (u'Man', u'O'), (u'To', u'O'), (u'Keep', u'O'), (u'Struggling', u'O'), (u'Indefinitely', u'O')]]"
"['Parents Considering Second Child So Daughter Can Have Someone To Grow Apart From', [(u'Parents', u'O'), (u'Considering', u'O'), (u'Second', u'O'), (u'Child', u'O'), (u'So', u'O'), (u'Daughter', u'O'), (u'Can', u'O'), (u'Have', u'O'), (u'Someone', u'O'), (u'To', u'O'), (u'Grow', u'O'), (u'Apart', u'O'), (u'From', u'O')]]"
"['Area Man Breaks Out Dating Boxers', [(u'Area', u'O'), (u'Man', u'O'), (u'Breaks', u'O'), (u'Out', u'O'), (u'Dating', u'O'), (u'Boxers', u'O')]]"
"['Huckabee Earns Nickel For Presidential Campaign By Painting Old Widow\xe2\x80\x99s Picket Fence', [(u'Huckabee', u'PERSON'), (u'Earns', u'O'), (u'Nickel', u'O'), (u'For', u'O'), (u'Presidential', u'O'), (u'Campaign', u'O'), (u'By', u'O'), (u'Painting', u'O'), (u'Old', u'O'), (u'Widow\u2019s', u'O'), (u'Picket', u'O'), (u'Fence', u'O')]]"
"['Area Man Takes Metallica Audio Tour Of Art Museum', [(u'Area', u'O'), (u'Man', u'O'), (u'Takes', u'O'), (u'Metallica', u'O'), (u'Audio', u'O'), (u'Tour', u'O'), (u'Of', u'O'), (u'Art', u'O'), (u'Museum', u'O')]]"
"['Dad Navigates Reduced-Rate Travel Websites Like Mozart Composing Symphony', [(u'Dad', u'O'), (u'Navigates', u'O'), (u'Reduced-Rate', u'O'), (u'Travel', u'O'), (u'Websites', u'O'), (u'Like', u'O'), (u'Mozart', u'O'), (u'Composing', u'O'), (u'Symphony', u'O')]]"
"['Woman Always Dreamed Of Opening Her Own Sparsely Attended Dance Studio', [(u'Woman', u'O'), (u'Always', u'O'), (u'Dreamed', u'O'), (u'Of', u'O'), (u'Opening', u'O'), (u'Her', u'O'), (u'Own', u'O'), (u'Sparsely', u'O'), (u'Attended', u'O'), (u'Dance', u'O'), (u'Studio', u'O')]]"
"['Man Excited To Look Like Different Type Of Idiot In Front Of Coworkers At Bar', [(u'Man', u'O'), (u'Excited', u'O'), (u'To', u'O'), (u'Look', u'O'), (u'Like', u'O'), (u'Different', u'O'), (u'Type', u'O'), (u'Of', u'O'), (u'Idiot', u'O'), (u'In', u'O'), (u'Front', u'O'), (u'Of', u'O'), (u'Coworkers', u'O'), (u'At', u'O'), (u'Bar', u'O')]]"
"[""New Bar To Feature 'Sports' Theme"", [(u'New', u'O'), (u'Bar', u'O'), (u'To', u'O'), (u'Feature', u'O'), (u""'Sports'"", u'O'), (u'Theme', u'O')]]"
"['Father Apologizes For Taking Out Anger On Wrong Son', [(u'Father', u'O'), (u'Apologizes', u'O'), (u'For', u'O'), (u'Taking', u'O'), (u'Out', u'O'), (u'Anger', u'O'), (u'On', u'O'), (u'Wrong', u'O'), (u'Son', u'O')]]"
"['Oh Wait, Area Man Not Paul', [(u'Oh', u'O'), (u'Wait,', u'O'), (u'Area', u'O'), (u'Man', u'O'), (u'Not', u'O'), (u'Paul', u'PERSON')]]"
"['Middle-Aged Woman So Tired Of Going Back And Forth Between Divorced Parents\xe2\x80\x99 Nursing Homes', [(u'Middle-Aged', u'O'), (u'Woman', u'O'), (u'So', u'O'), (u'Tired', u'O'), (u'Of', u'O'), (u'Going', u'O'), (u'Back', u'O'), (u'And', u'O'), (u'Forth', u'O'), (u'Between', u'O'), (u'Divorced', u'O'), (u'Parents\u2019', u'O'), (u'Nursing', u'O'), (u'Homes', u'O')]]"
"[""Area Man Pretty Sure It's Not Broken"", [(u'Area', u'O'), (u'Man', u'O'), (u'Pretty', u'O'), (u'Sure', u'O'), (u""It's"", u'O'), (u'Not', u'O'), (u'Broken', u'O')]]"
"[""Area Dad Figures He's Got At Least Three More Months Of Screwing Around Before Son Gains Ability To Form Long-Term Memories\xc2\xa0"", [(u'Area', u'O'), (u'Dad', u'O'), (u'Figures', u'O'), (u""He's"", u'O'), (u'Got', u'O'), (u'At', u'O'), (u'Least', u'O'), (u'Three', u'O'), (u'More', u'O'), (u'Months', u'O'), (u'Of', u'O'), (u'Screwing', u'O'), (u'Around', u'O'), (u'Before', u'O'), (u'Son', u'O'), (u'Gains', u'O'), (u'Ability', u'O'), (u'To', u'O'), (u'Form', u'O'), (u'Long-Term', u'O'), (u'Memories', u'O')]]"
"['Study Finds Controlled Washington, D.C. Wildfires Crucial For Restoring Healthy Political Environment', [(u'Study', u'O'), (u'Finds', u'O'), (u'Controlled', u'O'), (u'Washington,', u'O'), (u'D.C.', u'O'), (u'Wildfires', u'O'), (u'Crucial', u'O'), (u'For', u'O'), (u'Restoring', u'O'), (u'Healthy', u'O'), (u'Political', u'O'), (u'Environment', u'O')]]"
"['Married Couple Only Staying Together For Sake Of U.S. Divorce Rate', [(u'Married', u'O'), (u'Couple', u'O'), (u'Only', u'O'), (u'Staying', u'O'), (u'Together', u'O'), (u'For', u'O'), (u'Sake', u'O'), (u'Of', u'O'), (u'U.S.', u'LOCATION'), (u'Divorce', u'O'), (u'Rate', u'O')]]"
"['Area Man Knows Exactly Which Relatives Would Be Problem If He Ever Came Into Money', [(u'Area', u'O'), (u'Man', u'O'), (u'Knows', u'O'), (u'Exactly', u'O'), (u'Which', u'O'), (u'Relatives', u'O'), (u'Would', u'O'), (u'Be', u'O'), (u'Problem', u'O'), (u'If', u'O'), (u'He', u'O'), (u'Ever', u'O'), (u'Came', u'O'), (u'Into', u'O'), (u'Money', u'O')]]"
"['83-Year-Old Sneaks Into 65-To-80 Singles Dance', [(u'83-Year-Old', u'O'), (u'Sneaks', u'O'), (u'Into', u'O'), (u'65-To-80', u'O'), (u'Singles', u'O'), (u'Dance', u'O')]]"
"['Dressing Up For Going Out', [(u'Dressing', u'O'), (u'Up', u'O'), (u'For', u'O'), (u'Going', u'O'), (u'Out', u'O')]]"
"['New Extended Paternity Leave Offers Dads More Time To Lose Colleagues\xe2\x80\x99 Respect', [(u'New', u'O'), (u'Extended', u'O'), (u'Paternity', u'O'), (u'Leave', u'O'), (u'Offers', u'O'), (u'Dads', u'O'), (u'More', u'O'), (u'Time', u'O'), (u'To', u'O'), (u'Lose', u'O'), (u'Colleagues\u2019', u'O'), (u'Respect', u'O')]]"
"['Campaign Advisors Secretly Enjoying Totally Destroying Marco Rubio During Practice Debates', [(u'Campaign', u'O'), (u'Advisors', u'O'), (u'Secretly', u'O'), (u'Enjoying', u'O'), (u'Totally', u'O'), (u'Destroying', u'O'), (u'Marco', u'PERSON'), (u'Rubio', u'PERSON'), (u'During', u'O'), (u'Practice', u'O'), (u'Debates', u'O')]]"
"['Handshake Comes In At Unusually High Angle, Velocity', [(u'Handshake', u'O'), (u'Comes', u'O'), (u'In', u'O'), (u'At', u'O'), (u'Unusually', u'O'), (u'High', u'O'), (u'Angle,', u'O'), (u'Velocity', u'O')]]"
"['Local Household Announces Plans To Overdo Halloween Again', [(u'Local', u'O'), (u'Household', u'O'), (u'Announces', u'O'), (u'Plans', u'O'), (u'To', u'O'), (u'Overdo', u'O'), (u'Halloween', u'O'), (u'Again', u'O')]]"
"['Temp Hides Fun, Fulfilling Life From Rest Of Office', [(u'Temp', u'O'), (u'Hides', u'O'), (u'Fun,', u'O'), (u'Fulfilling', u'O'), (u'Life', u'O'), (u'From', u'O'), (u'Rest', u'O'), (u'Of', u'O'), (u'Office', u'O')]]"
"['Family Revels In Height Difference Between Mother And Tall Son', [(u'Family', u'O'), (u'Revels', u'O'), (u'In', u'O'), (u'Height', u'O'), (u'Difference', u'O'), (u'Between', u'O'), (u'Mother', u'O'), (u'And', u'O'), (u'Tall', u'O'), (u'Son', u'O')]]"
"['Mom Triumphantly Drags Hotel Pool Lounge Chair Back To Family Like Fresh Kill', [(u'Mom', u'O'), (u'Triumphantly', u'O'), (u'Drags', u'O'), (u'Hotel', u'O'), (u'Pool', u'O'), (u'Lounge', u'O'), (u'Chair', u'O'), (u'Back', u'O'), (u'To', u'O'), (u'Family', u'O'), (u'Like', u'O'), (u'Fresh', u'O'), (u'Kill', u'O')]]"
"['Rand Paul Escorted Off Stage After Falling Below 2.5% In Middle Of Debate', [(u'Rand', u'O'), (u'Paul', u'O'), (u'Escorted', u'O'), (u'Off', u'O'), (u'Stage', u'O'), (u'After', u'O'), (u'Falling', u'O'), (u'Below', u'O'), (u'2.5%', u'O'), (u'In', u'O'), (u'Middle', u'O'), (u'Of', u'O'), (u'Debate', u'O')]]"
"[""Report: Strongest Human Relationships Emerge From Bashing Friend Who Couldn't Make It Out"", [(u'Report:', u'O'), (u'Strongest', u'O'), (u'Human', u'O'), (u'Relationships', u'O'), (u'Emerge', u'O'), (u'From', u'O'), (u'Bashing', u'O'), (u'Friend', u'O'), (u'Who', u'O'), (u""Couldn't"", u'O'), (u'Make', u'O'), (u'It', u'O'), (u'Out', u'O')]]"
"[""Area Man Lives Vicariously Through Son's Bully"", [(u'Area', u'O'), (u'Man', u'O'), (u'Lives', u'O'), (u'Vicariously', u'O'), (u'Through', u'O'), (u""Son's"", u'O'), (u'Bully', u'O')]]"
"['Male Friends Depart For Annual Camping Trip To Complain About Camping', [(u'Male', u'O'), (u'Friends', u'O'), (u'Depart', u'O'), (u'For', u'O'), (u'Annual', u'O'), (u'Camping', u'O'), (u'Trip', u'O'), (u'To', u'O'), (u'Complain', u'O'), (u'About', u'O'), (u'Camping', u'O')]]"
"[""29-Year-Old Has Been Going To Different Friend's Wedding Every Weekend For Past 3 Years"", [(u'29-Year-Old', u'O'), (u'Has', u'O'), (u'Been', u'O'), (u'Going', u'O'), (u'To', u'O'), (u'Different', u'O'), (u""Friend's"", u'O'), (u'Wedding', u'O'), (u'Every', u'O'), (u'Weekend', u'O'), (u'For', u'O'), (u'Past', u'O'), (u'3', u'O'), (u'Years', u'O')]]"
"['Report: Cost Of Raising Neglected Children Still Low As Ever', [(u'Report:', u'O'), (u'Cost', u'O'), (u'Of', u'O'), (u'Raising', u'O'), (u'Neglected', u'O'), (u'Children', u'O'), (u'Still', u'O'), (u'Low', u'O'), (u'As', u'O'), (u'Ever', u'O')]]"
"['Report: Laura\xe2\x80\x99s Divorce Threatens Razor-Thin Democratic Majority In Family', [(u'Report:', u'O'), (u'Laura\u2019s', u'O'), (u'Divorce', u'O'), (u'Threatens', u'O'), (u'Razor-Thin', u'O'), (u'Democratic', u'O'), (u'Majority', u'O'), (u'In', u'O'), (u'Family', u'O')]]"
"['Unambitious Loser With Happy, Fulfilling Life Still Lives In Hometown', [(u'Unambitious', u'O'), (u'Loser', u'O'), (u'With', u'O'), (u'Happy,', u'O'), (u'Fulfilling', u'O'), (u'Life', u'O'), (u'Still', u'O'), (u'Lives', u'O'), (u'In', u'O'), (u'Hometown', u'O')]]"
"['Woman At Supermarket Imagines Entire Narrative Where Bagger Is Happy With Life', [(u'Woman', u'O'), (u'At', u'O'), (u'Supermarket', u'O'), (u'Imagines', u'O'), (u'Entire', u'O'), (u'Narrative', u'O'), (u'Where', u'O'), (u'Bagger', u'O'), (u'Is', u'O'), (u'Happy', u'O'), (u'With', u'O'), (u'Life', u'O')]]"
"['Fact-Checking Ben Carson\xe2\x80\x99s Claims', [(u'Fact-Checking', u'O'), (u'Ben', u'O'), (u'Carson\u2019s', u'O'), (u'Claims', u'O')]]"
"['Hispanics Expected To Become Majority Of U.S. Population By Middle Of Father-In-Law\xe2\x80\x99s Rant', [(u'Hispanics', u'O'), (u'Expected', u'O'), (u'To', u'O'), (u'Become', u'O'), (u'Majority', u'O'), (u'Of', u'O'), (u'U.S.', u'LOCATION'), (u'Population', u'O'), (u'By', u'O'), (u'Middle', u'O'), (u'Of', u'O'), (u'Father-In-Law\u2019s', u'O'), (u'Rant', u'O')]]"
"['Word \xe2\x80\x98Millennials\xe2\x80\x99 Forced Into Headline To Boost Pageviews', [(u'Word', u'O'), (u'\u2018Millennials\u2019', u'O'), (u'Forced', u'O'), (u'Into', u'O'), (u'Headline', u'O'), (u'To', u'O'), (u'Boost', u'O'), (u'Pageviews', u'O')]]"
"['Unhappy Couple Staying Together For One Of Their Children', [(u'Unhappy', u'O'), (u'Couple', u'O'), (u'Staying', u'O'), (u'Together', u'O'), (u'For', u'O'), (u'One', u'O'), (u'Of', u'O'), (u'Their', u'O'), (u'Children', u'O')]]"
"['Progressive Parents Allow Child To Choose How He\xe2\x80\x99s Ostracized By Peers', [(u'Progressive', u'O'), (u'Parents', u'O'), (u'Allow', u'O'), (u'Child', u'O'), (u'To', u'O'), (u'Choose', u'O'), (u'How', u'O'), (u'He\u2019s', u'O'), (u'Ostracized', u'O'), (u'By', u'O'), (u'Peers', u'O')]]"
"['Poll Finds 23% Of Americans Would Vote For Jeb Bush If Candidate Standing Right Next To Them In Voting Booth', [(u'Poll', u'O'), (u'Finds', u'O'), (u'23%', u'O'), (u'Of', u'O'), (u'Americans', u'O'), (u'Would', u'O'), (u'Vote', u'O'), (u'For', u'O'), (u'Jeb', u'PERSON'), (u'Bush', u'PERSON'), (u'If', u'O'), (u'Candidate', u'O'), (u'Standing', u'O'), (u'Right', u'O'), (u'Next', u'O'), (u'To', u'O'), (u'Them', u'O'), (u'In', u'O'), (u'Voting', u'O'), (u'Booth', u'O')]]"
"['Child Visiting Ellis Island Sees Where Grandparents Once Toured', [(u'Child', u'O'), (u'Visiting', u'O'), (u'Ellis', u'PERSON'), (u'Island', u'O'), (u'Sees', u'O'), (u'Where', u'O'), (u'Grandparents', u'O'), (u'Once', u'O'), (u'Toured', u'O')]]"
"['Congress Members Spend Afternoon Drawing Pictures Of Their Dream Capitols', [(u'Congress', u'ORGANIZATION'), (u'Members', u'O'), (u'Spend', u'O'), (u'Afternoon', u'O'), (u'Drawing', u'O'), (u'Pictures', u'O'), (u'Of', u'O'), (u'Their', u'O'), (u'Dream', u'O'), (u'Capitols', u'O')]]"
"['BREAKING: Mrs. Nichols Also Daniel\xe2\x80\x99s Mom', [(u'BREAKING:', u'O'), (u'Mrs.', u'O'), (u'Nichols', u'PERSON'), (u'Also', u'O'), (u'Daniel\u2019s', u'O'), (u'Mom', u'O')]]"
"['Man Overjoyed He No Longer Has To Purchase Entire Day\xe2\x80\x99s Worth Of Egg McMuffins In Morning', [(u'Man', u'O'), (u'Overjoyed', u'O'), (u'He', u'O'), (u'No', u'O'), (u'Longer', u'O'), (u'Has', u'O'), (u'To', u'O'), (u'Purchase', u'O'), (u'Entire', u'O'), (u'Day\u2019s', u'O'), (u'Worth', u'O'), (u'Of', u'O'), (u'Egg', u'O'), (u'McMuffins', u'O'), (u'In', u'O'), (u'Morning', u'O')]]"
"['Group Of Friends Chanting \xe2\x80\x98Shots\xe2\x80\x99 Make Compelling Point', [(u'Group', u'O'), (u'Of', u'O'), (u'Friends', u'O'), (u'Chanting', u'O'), (u'\u2018Shots\u2019', u'O'), (u'Make', u'O'), (u'Compelling', u'O'), (u'Point', u'O')]]"
"[""Blind Date Pronounces Every Syllable Of Word 'Comfortable'"", [(u'Blind', u'O'), (u'Date', u'O'), (u'Pronounces', u'O'), (u'Every', u'O'), (u'Syllable', u'O'), (u'Of', u'O'), (u'Word', u'O'), (u""'Comfortable'"", u'O')]]"
"['Study: Average Father Thinks About Sealing In Meat\xe2\x80\x99s Juices 4 To 5 Hours A Day', [(u'Study:', u'O'), (u'Average', u'O'), (u'Father', u'O'), (u'Thinks', u'O'), (u'About', u'O'), (u'Sealing', u'O'), (u'In', u'O'), (u'Meat\u2019s', u'O'), (u'Juices', u'O'), (u'4', u'O'), (u'To', u'O'), (u'5', u'O'), (u'Hours', u'O'), (u'A', u'O'), (u'Day', u'O')]]"
"['Man On Date Ready For Question About Siblings This Time', [(u'Man', u'O'), (u'On', u'O'), (u'Date', u'O'), (u'Ready', u'O'), (u'For', u'O'), (u'Question', u'O'), (u'About', u'O'), (u'Siblings', u'O'), (u'This', u'O'), (u'Time', u'O')]]"
"['Lindsey Graham Gazes Longingly At Happy Rubio Campaign Workers Through Window', [(u'Lindsey', u'PERSON'), (u'Graham', u'PERSON'), (u'Gazes', u'O'), (u'Longingly', u'O'), (u'At', u'O'), (u'Happy', u'ORGANIZATION'), (u'Rubio', u'ORGANIZATION'), (u'Campaign', u'ORGANIZATION'), (u'Workers', u'ORGANIZATION'), (u'Through', u'ORGANIZATION'), (u'Window', u'ORGANIZATION')]]"
"['Younger Cousin\xe2\x80\x99s Growth Spurt Throws Off Competitive Balance At Family\xe2\x80\x99s Thanksgiving Touch Football Game', [(u'Younger', u'O'), (u'Cousin\u2019s', u'O'), (u'Growth', u'O'), (u'Spurt', u'O'), (u'Throws', u'O'), (u'Off', u'O'), (u'Competitive', u'O'), (u'Balance', u'O'), (u'At', u'O'), (u'Family\u2019s', u'O'), (u'Thanksgiving', u'O'), (u'Touch', u'O'), (u'Football', u'O'), (u'Game', u'O')]]"
"['Carly Fiorina Shares Heartbreaking Story About Father Of 3 Who Couldn\xe2\x80\x99t Meet Sales Goals', [(u'Carly', u'PERSON'), (u'Fiorina', u'PERSON'), (u'Shares', u'O'), (u'Heartbreaking', u'O'), (u'Story', u'O'), (u'About', u'O'), (u'Father', u'O'), (u'Of', u'O'), (u'3', u'O'), (u'Who', u'O'), (u'Couldn\u2019t', u'O'), (u'Meet', u'O'), (u'Sales', u'O'), (u'Goals', u'O')]]"
"['Man\xe2\x80\x99s Family Rises To Record-High Fourth Priority', [(u'Man\u2019s', u'O'), (u'Family', u'O'), (u'Rises', u'O'), (u'To', u'O'), (u'Record-High', u'O'), (u'Fourth', u'O'), (u'Priority', u'O')]]"
"['Slow-Thinking Bystander Weighing Pros And Cons Of Pulling Man Out Of River', [(u'Slow-Thinking', u'O'), (u'Bystander', u'O'), (u'Weighing', u'O'), (u'Pros', u'O'), (u'And', u'O'), (u'Cons', u'O'), (u'Of', u'O'), (u'Pulling', u'O'), (u'Man', u'O'), (u'Out', u'O'), (u'Of', u'O'), (u'River', u'O')]]"
"['Deep Down, Area Man Knows He\xe2\x80\x99s Not Done Vomiting', [(u'Deep', u'O'), (u'Down,', u'O'), (u'Area', u'O'), (u'Man', u'O'), (u'Knows', u'O'), (u'He\u2019s', u'O'), (u'Not', u'O'), (u'Done', u'O'), (u'Vomiting', u'O')]]"
"['Would You Care To Join Me For An Unbelievably Awkward Dinner Sometime?', [(u'Would', u'O'), (u'You', u'O'), (u'Care', u'O'), (u'To', u'O'), (u'Join', u'O'), (u'Me', u'O'), (u'For', u'O'), (u'An', u'O'), (u'Unbelievably', u'O'), (u'Awkward', u'O'), (u'Dinner', u'O'), (u'Sometime?', u'O')]]"
"['Weary Nation Says One Or Two More Divisive Issues Should Finish It Off', [(u'Weary', u'O'), (u'Nation', u'O'), (u'Says', u'O'), (u'One', u'O'), (u'Or', u'O'), (u'Two', u'O'), (u'More', u'O'), (u'Divisive', u'O'), (u'Issues', u'O'), (u'Should', u'O'), (u'Finish', u'O'), (u'It', u'O'), (u'Off', u'O')]]"
"['Buying Someone A Drink', [(u'Buying', u'O'), (u'Someone', u'O'), (u'A', u'O'), (u'Drink', u'O')]]"
"['Man Waiting Until Parents Die Before Doing A Single Thing That Makes Him Happy', [(u'Man', u'O'), (u'Waiting', u'O'), (u'Until', u'O'), (u'Parents', u'O'), (u'Die', u'O'), (u'Before', u'O'), (u'Doing', u'O'), (u'A', u'O'), (u'Single', u'O'), (u'Thing', u'O'), (u'That', u'O'), (u'Makes', u'O'), (u'Him', u'O'), (u'Happy', u'O')]]"
"['Report: Dad Wants To Show You Where Fuse Box Is', [(u'Report:', u'O'), (u'Dad', u'O'), (u'Wants', u'O'), (u'To', u'O'), (u'Show', u'O'), (u'You', u'O'), (u'Where', u'O'), (u'Fuse', u'O'), (u'Box', u'O'), (u'Is', u'O')]]"
"['Friendship Moving Way Too Fast', [(u'Friendship', u'O'), (u'Moving', u'O'), (u'Way', u'O'), (u'Too', u'O'), (u'Fast', u'O')]]"
"[""I'm Not One Of Those People Who Goes Around Having Fun"", [(u""I'm"", u'O'), (u'Not', u'O'), (u'One', u'O'), (u'Of', u'O'), (u'Those', u'O'), (u'People', u'O'), (u'Who', u'O'), (u'Goes', u'O'), (u'Around', u'O'), (u'Having', u'O'), (u'Fun', u'O')]]"
"['Area Man A Little Too Old To Have Obama Fever', [(u'Area', u'O'), (u'Man', u'O'), (u'A', u'O'), (u'Little', u'O'), (u'Too', u'O'), (u'Old', u'O'), (u'To', u'O'), (u'Have', u'O'), (u'Obama', u'PERSON'), (u'Fever', u'PERSON')]]"
"['Mom Recommends Previously Unheard-Of Form Of Transportation Son Could Take To Get Home', [(u'Mom', u'O'), (u'Recommends', u'O'), (u'Previously', u'O'), (u'Unheard-Of', u'O'), (u'Form', u'O'), (u'Of', u'O'), (u'Transportation', u'O'), (u'Son', u'O'), (u'Could', u'O'), (u'Take', u'O'), (u'To', u'O'), (u'Get', u'O'), (u'Home', u'O')]]"
"['Family Spends Relaxing Weekend Destroying Outdoors', [(u'Family', u'O'), (u'Spends', u'O'), (u'Relaxing', u'O'), (u'Weekend', u'O'), (u'Destroying', u'O'), (u'Outdoors', u'O')]]"
"['The Next Day', [(u'The', u'O'), (u'Next', u'O'), (u'Day', u'O')]]"
"['Every One Of Man\xe2\x80\x99s Priorities Unrecognizable To Grandfather', [(u'Every', u'O'), (u'One', u'O'), (u'Of', u'O'), (u'Man\u2019s', u'O'), (u'Priorities', u'O'), (u'Unrecognizable', u'O'), (u'To', u'O'), (u'Grandfather', u'O')]]"
"['Man\xe2\x80\x99s Body Running Out Of Ideas To Convince Him He Full', [(u'Man\u2019s', u'O'), (u'Body', u'O'), (u'Running', u'O'), (u'Out', u'O'), (u'Of', u'O'), (u'Ideas', u'O'), (u'To', u'O'), (u'Convince', u'O'), (u'Him', u'O'), (u'He', u'O'), (u'Full', u'O')]]"
"['Carly Fiorina Promises To Fight For Whoever Everyday Americans Are', [(u'Carly', u'PERSON'), (u'Fiorina', u'PERSON'), (u'Promises', u'O'), (u'To', u'O'), (u'Fight', u'O'), (u'For', u'O'), (u'Whoever', u'O'), (u'Everyday', u'O'), (u'Americans', u'O'), (u'Are', u'O')]]"
"['Entire Conversation With Parents Spent Changing The Subject', [(u'Entire', u'O'), (u'Conversation', u'O'), (u'With', u'O'), (u'Parents', u'O'), (u'Spent', u'O'), (u'Changing', u'O'), (u'The', u'O'), (u'Subject', u'O')]]"
"['Area Man Good For The Economy', [(u'Area', u'O'), (u'Man', u'O'), (u'Good', u'O'), (u'For', u'O'), (u'The', u'O'), (u'Economy', u'O')]]"
"['First Holiday Season Without Grandma Incredible', [(u'First', u'O'), (u'Holiday', u'O'), (u'Season', u'O'), (u'Without', u'O'), (u'Grandma', u'O'), (u'Incredible', u'O')]]"
"['Grown Adult Actually Expects To Be Happy', [(u'Grown', u'O'), (u'Adult', u'O'), (u'Actually', u'O'), (u'Expects', u'O'), (u'To', u'O'), (u'Be', u'O'), (u'Happy', u'O')]]"
"['Grandmother Talking Big Game About Being Alive Next Year', [(u'Grandmother', u'O'), (u'Talking', u'O'), (u'Big', u'O'), (u'Game', u'O'), (u'About', u'O'), (u'Being', u'O'), (u'Alive', u'O'), (u'Next', u'O'), (u'Year', u'O')]]"
"['Report: Only Predictor Of Happy Marriage Is If Husband Ever Won Wife Big Stuffed Animal At Amusement Park', [(u'Report:', u'O'), (u'Only', u'O'), (u'Predictor', u'O'), (u'Of', u'O'), (u'Happy', u'O'), (u'Marriage', u'O'), (u'Is', u'O'), (u'If', u'O'), (u'Husband', u'O'), (u'Ever', u'O'), (u'Won', u'O'), (u'Wife', u'O'), (u'Big', u'O'), (u'Stuffed', u'O'), (u'Animal', u'O'), (u'At', u'O'), (u'Amusement', u'O'), (u'Park', u'O')]]"
"['Parents Worried Children Old Enough To Remember Family Vacation', [(u'Parents', u'O'), (u'Worried', u'O'), (u'Children', u'O'), (u'Old', u'O'), (u'Enough', u'O'), (u'To', u'O'), (u'Remember', u'O'), (u'Family', u'O'), (u'Vacation', u'O')]]"
"['Area Man Does Most Of His Traveling By Gurney', [(u'Area', u'O'), (u'Man', u'O'), (u'Does', u'O'), (u'Most', u'O'), (u'Of', u'O'), (u'His', u'O'), (u'Traveling', u'O'), (u'By', u'O'), (u'Gurney', u'PERSON')]]"
"['Getting Everyone Together', [(u'Getting', u'O'), (u'Everyone', u'O'), (u'Together', u'O')]]"
"['Family Knows Better Than To Fall For Mom\xe2\x80\x99s Little Bullshit Speech About No Presents This Year', [(u'Family', u'O'), (u'Knows', u'O'), (u'Better', u'O'), (u'Than', u'O'), (u'To', u'O'), (u'Fall', u'O'), (u'For', u'O'), (u'Mom\u2019s', u'O'), (u'Little', u'O'), (u'Bullshit', u'O'), (u'Speech', u'O'), (u'About', u'O'), (u'No', u'O'), (u'Presents', u'O'), (u'This', u'O'), (u'Year', u'O')]]"
"['Man Brings Son Into Office To See Where Dad Emasculated', [(u'Man', u'O'), (u'Brings', u'O'), (u'Son', u'O'), (u'Into', u'O'), (u'Office', u'O'), (u'To', u'O'), (u'See', u'O'), (u'Where', u'O'), (u'Dad', u'O'), (u'Emasculated', u'O')]]"
"['Bartender Going To Pretend That Last Drink Was Supposed To Be Served On Fire', [(u'Bartender', u'O'), (u'Going', u'O'), (u'To', u'O'), (u'Pretend', u'O'), (u'That', u'O'), (u'Last', u'O'), (u'Drink', u'O'), (u'Was', u'O'), (u'Supposed', u'O'), (u'To', u'O'), (u'Be', u'O'), (u'Served', u'O'), (u'On', u'O'), (u'Fire', u'O')]]"
"['Family Fears Grandmother Aware Of Her Surroundings', [(u'Family', u'O'), (u'Fears', u'O'), (u'Grandmother', u'O'), (u'Aware', u'O'), (u'Of', u'O'), (u'Her', u'O'), (u'Surroundings', u'O')]]"
"['Study: Shoving, Yelling Makes Things Go Faster 76% Of Time', [(u'Study:', u'O'), (u'Shoving,', u'O'), (u'Yelling', u'O'), (u'Makes', u'O'), (u'Things', u'O'), (u'Go', u'O'), (u'Faster', u'O'), (u'76%', u'O'), (u'Of', u'O'), (u'Time', u'O')]]"
"['Everyone In Family Compliments Grandmother On How Small And Feeble She\xe2\x80\x99s Gotten', [(u'Everyone', u'O'), (u'In', u'O'), (u'Family', u'O'), (u'Compliments', u'O'), (u'Grandmother', u'O'), (u'On', u'O'), (u'How', u'O'), (u'Small', u'O'), (u'And', u'O'), (u'Feeble', u'O'), (u'She\u2019s', u'O'), (u'Gotten', u'O')]]"
"[""Report: Dad Proud Of You; He Won't Say It, But It's True"", [(u'Report:', u'O'), (u'Dad', u'O'), (u'Proud', u'O'), (u'Of', u'O'), (u'You;', u'O'), (u'He', u'O'), (u""Won't"", u'O'), (u'Say', u'O'), (u'It,', u'O'), (u'But', u'O'), (u""It's"", u'O'), (u'True', u'O')]]"
"['Area Mom Raving About Phoenix Airport', [(u'Area', u'O'), (u'Mom', u'O'), (u'Raving', u'O'), (u'About', u'O'), (u'Phoenix', u'O'), (u'Airport', u'O')]]"
"['Parents Officially Designate Upstairs Television For Anyone Who Doesn\xe2\x80\x99t Want To Watch Thanksgiving Football', [(u'Parents', u'O'), (u'Officially', u'O'), (u'Designate', u'O'), (u'Upstairs', u'O'), (u'Television', u'O'), (u'For', u'O'), (u'Anyone', u'O'), (u'Who', u'O'), (u'Doesn\u2019t', u'O'), (u'Want', u'O'), (u'To', u'O'), (u'Watch', u'O'), (u'Thanksgiving', u'O'), (u'Football', u'O')]]"
"['Two People Who Went To Same College Ruin Evening For Rest Of Group', [(u'Two', u'O'), (u'People', u'O'), (u'Who', u'O'), (u'Went', u'O'), (u'To', u'O'), (u'Same', u'O'), (u'College', u'O'), (u'Ruin', u'O'), (u'Evening', u'O'), (u'For', u'O'), (u'Rest', u'O'), (u'Of', u'O'), (u'Group', u'O')]]"
"['First Date In Six Months To Be Last Date In Six Years', [(u'First', u'O'), (u'Date', u'O'), (u'In', u'O'), (u'Six', u'O'), (u'Months', u'O'), (u'To', u'O'), (u'Be', u'O'), (u'Last', u'O'), (u'Date', u'O'), (u'In', u'O'), (u'Six', u'O'), (u'Years', u'O')]]"
"['Woman Nervous Mom Starting To Use Her As Confidant', [(u'Woman', u'O'), (u'Nervous', u'O'), (u'Mom', u'O'), (u'Starting', u'O'), (u'To', u'O'), (u'Use', u'O'), (u'Her', u'O'), (u'As', u'O'), (u'Confidant', u'O')]]"
"['Grandchild, Grandfather Equally Dreading Collaboration For School Interview Project', [(u'Grandchild,', u'O'), (u'Grandfather', u'O'), (u'Equally', u'O'), (u'Dreading', u'O'), (u'Collaboration', u'O'), (u'For', u'O'), (u'School', u'O'), (u'Interview', u'O'), (u'Project', u'O')]]"
"['Tips For Using Online Dating Sites', [(u'Tips', u'O'), (u'For', u'O'), (u'Using', u'O'), (u'Online', u'O'), (u'Dating', u'O'), (u'Sites', u'O')]]"
"['After-Bar Activities', [(u'After-Bar', u'O'), (u'Activities', u'O')]]"
"[""Lone Man With Six-Pack 'Partying'"", [(u'Lone', u'O'), (u'Man', u'O'), (u'With', u'O'), (u'Six-Pack', u'O'), (u""'Partying'"", u'O')]]"
"[""'The Natural' Not On TV Often Enough For Area Dad"", [(u""'The"", u'O'), (u""Natural'"", u'O'), (u'Not', u'O'), (u'On', u'O'), (u'TV', u'O'), (u'Often', u'O'), (u'Enough', u'O'), (u'For', u'O'), (u'Area', u'O'), (u'Dad', u'O')]]"
"['Parents, Baby, Godmother All Uncomfortable With Arrangement', [(u'Parents,', u'O'), (u'Baby,', u'O'), (u'Godmother', u'O'), (u'All', u'O'), (u'Uncomfortable', u'O'), (u'With', u'O'), (u'Arrangement', u'O')]]"
"['Family Enters Crisis Talks After Learning Restaurant Has 45-Minute Wait', [(u'Family', u'O'), (u'Enters', u'O'), (u'Crisis', u'O'), (u'Talks', u'O'), (u'After', u'O'), (u'Learning', u'O'), (u'Restaurant', u'O'), (u'Has', u'O'), (u'45-Minute', u'O'), (u'Wait', u'O')]]"
"['Teen Sick Of Mother Barging Into Room With Clean, Folded Clothes', [(u'Teen', u'O'), (u'Sick', u'O'), (u'Of', u'O'), (u'Mother', u'O'), (u'Barging', u'O'), (u'Into', u'O'), (u'Room', u'O'), (u'With', u'O'), (u'Clean,', u'O'), (u'Folded', u'O'), (u'Clothes', u'O')]]"
"['Relationship At Point Where Woman Has To Learn Boyfriend\xe2\x80\x99s Family\xe2\x80\x99s Weird Card Games', [(u'Relationship', u'O'), (u'At', u'O'), (u'Point', u'O'), (u'Where', u'O'), (u'Woman', u'O'), (u'Has', u'O'), (u'To', u'O'), (u'Learn', u'O'), (u'Boyfriend\u2019s', u'O'), (u'Family\u2019s', u'O'), (u'Weird', u'O'), (u'Card', u'O'), (u'Games', u'O')]]"
"['All Of Child\xe2\x80\x99s Fondest Memories Times When Dad Trying To Make Up For Things', [(u'All', u'O'), (u'Of', u'O'), (u'Child\u2019s', u'O'), (u'Fondest', u'O'), (u'Memories', u'O'), (u'Times', u'O'), (u'When', u'O'), (u'Dad', u'O'), (u'Trying', u'O'), (u'To', u'O'), (u'Make', u'O'), (u'Up', u'O'), (u'For', u'O'), (u'Things', u'O')]]"
"['Socialism Vs. Capitalism', [(u'Socialism', u'O'), (u'Vs.', u'O'), (u'Capitalism', u'O')]]"
"['Report: More Americans Saving Money For Child\xe2\x80\x99s Unemployment', [(u'Report:', u'O'), (u'More', u'O'), (u'Americans', u'O'), (u'Saving', u'O'), (u'Money', u'O'), (u'For', u'O'), (u'Child\u2019s', u'O'), (u'Unemployment', u'O')]]"
"['Top Issues For Voters In The 2016 Election', [(u'Top', u'O'), (u'Issues', u'O'), (u'For', u'O'), (u'Voters', u'O'), (u'In', u'O'), (u'The', u'O'), (u'2016', u'O'), (u'Election', u'O')]]"
"['Weird New Cereal Sets Tone For First Weekend At Divorced Dad\xe2\x80\x99s', [(u'Weird', u'O'), (u'New', u'O'), (u'Cereal', u'O'), (u'Sets', u'O'), (u'Tone', u'O'), (u'For', u'O'), (u'First', u'O'), (u'Weekend', u'O'), (u'At', u'O'), (u'Divorced', u'O'), (u'Dad\u2019s', u'O')]]"
"[""Area Man's Knee Making Weird Sound"", [(u'Area', u'O'), (u""Man's"", u'O'), (u'Knee', u'O'), (u'Making', u'O'), (u'Weird', u'O'), (u'Sound', u'O')]]"
"['Moron Stepfather Takes Care Of Child Who Doesn\xe2\x80\x99t Have His Genetic Material', [(u'Moron', u'O'), (u'Stepfather', u'O'), (u'Takes', u'O'), (u'Care', u'O'), (u'Of', u'O'), (u'Child', u'O'), (u'Who', u'O'), (u'Doesn\u2019t', u'O'), (u'Have', u'O'), (u'His', u'O'), (u'Genetic', u'O'), (u'Material', u'O')]]"
"['Mom\xe2\x80\x99s Fears About Daughter Leaving For College Channeled Into Fight About Storage Bins', [(u'Mom\u2019s', u'O'), (u'Fears', u'O'), (u'About', u'O'), (u'Daughter', u'O'), (u'Leaving', u'O'), (u'For', u'O'), (u'College', u'O'), (u'Channeled', u'O'), (u'Into', u'O'), (u'Fight', u'O'), (u'About', u'O'), (u'Storage', u'O'), (u'Bins', u'O')]]"
"['College Freshman Decides To Be Lanyard-Wearing Kind', [(u'College', u'O'), (u'Freshman', u'O'), (u'Decides', u'O'), (u'To', u'O'), (u'Be', u'O'), (u'Lanyard-Wearing', u'O'), (u'Kind', u'O')]]"
"['Club Has Big Hit With Closed-Mic Night', [(u'Club', u'O'), (u'Has', u'O'), (u'Big', u'O'), (u'Hit', u'O'), (u'With', u'O'), (u'Closed-Mic', u'O'), (u'Night', u'O')]]"
"['Area Man Self-Conscious About All The Wrong Things', [(u'Area', u'O'), (u'Man', u'O'), (u'Self-Conscious', u'O'), (u'About', u'O'), (u'All', u'O'), (u'The', u'O'), (u'Wrong', u'O'), (u'Things', u'O')]]"
"[""Guy's Entire Job Just Asking People If They Have Time For A Quick Chat"", [(u""Guy's"", u'O'), (u'Entire', u'O'), (u'Job', u'O'), (u'Just', u'O'), (u'Asking', u'O'), (u'People', u'O'), (u'If', u'O'), (u'They', u'O'), (u'Have', u'O'), (u'Time', u'O'), (u'For', u'O'), (u'A', u'O'), (u'Quick', u'O'), (u'Chat', u'O')]]"
"['I Am Fun', [(u'I', u'O'), (u'Am', u'O'), (u'Fun', u'O')]]"
"['Area Man Nostalgic For Time When Ads Targeting Him Not As Sad', [(u'Area', u'O'), (u'Man', u'O'), (u'Nostalgic', u'O'), (u'For', u'O'), (u'Time', u'O'), (u'When', u'O'), (u'Ads', u'O'), (u'Targeting', u'O'), (u'Him', u'O'), (u'Not', u'O'), (u'As', u'O'), (u'Sad', u'O')]]"
"['Grandfather Seems Proud Of How Many People Polio Killed', [(u'Grandfather', u'O'), (u'Seems', u'O'), (u'Proud', u'O'), (u'Of', u'O'), (u'How', u'O'), (u'Many', u'O'), (u'People', u'O'), (u'Polio', u'O'), (u'Killed', u'O')]]"
"['Majority Whip Displays Impaled Senator Outside Capitol Building As Warning To All Who Cross Party Lines', [(u'Majority', u'O'), (u'Whip', u'O'), (u'Displays', u'O'), (u'Impaled', u'O'), (u'Senator', u'O'), (u'Outside', u'O'), (u'Capitol', u'O'), (u'Building', u'O'), (u'As', u'O'), (u'Warning', u'O'), (u'To', u'O'), (u'All', u'O'), (u'Who', u'O'), (u'Cross', u'O'), (u'Party', u'O'), (u'Lines', u'O')]]"
"['Scientists Find Link Between How Pathetic You Are, How Fast You Respond To Emails', [(u'Scientists', u'O'), (u'Find', u'O'), (u'Link', u'O'), (u'Between', u'O'), (u'How', u'O'), (u'Pathetic', u'O'), (u'You', u'O'), (u'Are,', u'O'), (u'How', u'O'), (u'Fast', u'O'), (u'You', u'O'), (u'Respond', u'O'), (u'To', u'O'), (u'Emails', u'O')]]"
"['Family Cuts Nursing Home Visit Short So Grandmother Can Get Back To Excruciating Loneliness', [(u'Family', u'O'), (u'Cuts', u'O'), (u'Nursing', u'O'), (u'Home', u'O'), (u'Visit', u'O'), (u'Short', u'O'), (u'So', u'O'), (u'Grandmother', u'O'), (u'Can', u'O'), (u'Get', u'O'), (u'Back', u'O'), (u'To', u'O'), (u'Excruciating', u'O'), (u'Loneliness', u'O')]]"
"['Dad Way Scarier When Controlling Temper', [(u'Dad', u'O'), (u'Way', u'O'), (u'Scarier', u'O'), (u'When', u'O'), (u'Controlling', u'O'), (u'Temper', u'O')]]"
"['Woman Has Few Enough Friends To Consider Confiding In Sister', [(u'Woman', u'O'), (u'Has', u'O'), (u'Few', u'O'), (u'Enough', u'O'), (u'Friends', u'O'), (u'To', u'O'), (u'Consider', u'O'), (u'Confiding', u'O'), (u'In', u'O'), (u'Sister', u'O')]]"
"['Should Parents Who Let Kids Play Outside Unsupervised Be Arrested?', [(u'Should', u'O'), (u'Parents', u'O'), (u'Who', u'O'), (u'Let', u'O'), (u'Kids', u'O'), (u'Play', u'O'), (u'Outside', u'O'), (u'Unsupervised', u'O'), (u'Be', u'O'), (u'Arrested?', u'O')]]"
"['Parents With More Vacation Time, Financial Resources Want To Know When Son Will Come Home For A Visit', [(u'Parents', u'O'), (u'With', u'O'), (u'More', u'O'), (u'Vacation', u'O'), (u'Time,', u'O'), (u'Financial', u'O'), (u'Resources', u'O'), (u'Want', u'O'), (u'To', u'O'), (u'Know', u'O'), (u'When', u'O'), (u'Son', u'O'), (u'Will', u'O'), (u'Come', u'O'), (u'Home', u'O'), (u'For', u'O'), (u'A', u'O'), (u'Visit', u'O')]]"
"['Bartender Hurt By Unfinished Drink', [(u'Bartender', u'O'), (u'Hurt', u'O'), (u'By', u'O'), (u'Unfinished', u'O'), (u'Drink', u'O')]]"
"[""Jealous God Wants Area Man's '69 Charger"", [(u'Jealous', u'O'), (u'God', u'O'), (u'Wants', u'O'), (u'Area', u'O'), (u""Man's"", u'O'), (u""'69"", u'O'), (u'Charger', u'O')]]"
"['Study Finds Those With Deceased Family Members At High Risk Of Dying Themselves', [(u'Study', u'O'), (u'Finds', u'O'), (u'Those', u'O'), (u'With', u'O'), (u'Deceased', u'O'), (u'Family', u'O'), (u'Members', u'O'), (u'At', u'O'), (u'High', u'O'), (u'Risk', u'O'), (u'Of', u'O'), (u'Dying', u'O'), (u'Themselves', u'O')]]"
"['Man Carefully Selects T-Shirt For Night Out', [(u'Man', u'O'), (u'Carefully', u'O'), (u'Selects', u'O'), (u'T-Shirt', u'O'), (u'For', u'O'), (u'Night', u'O'), (u'Out', u'O')]]"
"['Bar Patrons Dismayed By Sight Of Band Setting Up', [(u'Bar', u'O'), (u'Patrons', u'O'), (u'Dismayed', u'O'), (u'By', u'O'), (u'Sight', u'O'), (u'Of', u'O'), (u'Band', u'O'), (u'Setting', u'O'), (u'Up', u'O')]]"
"['What Mom Would Have Wanted Evolving Over Course Of Funeral Planning', [(u'What', u'O'), (u'Mom', u'O'), (u'Would', u'O'), (u'Have', u'O'), (u'Wanted', u'O'), (u'Evolving', u'O'), (u'Over', u'O'), (u'Course', u'O'), (u'Of', u'O'), (u'Funeral', u'O'), (u'Planning', u'O')]]"
"['GOP Warns Refugees Likely To Be Driven To Terrorism By Way America Would Treat Them', [(u'GOP', u'O'), (u'Warns', u'O'), (u'Refugees', u'O'), (u'Likely', u'O'), (u'To', u'O'), (u'Be', u'O'), (u'Driven', u'O'), (u'To', u'O'), (u'Terrorism', u'O'), (u'By', u'O'), (u'Way', u'ORGANIZATION'), (u'America', u'ORGANIZATION'), (u'Would', u'ORGANIZATION'), (u'Treat', u'ORGANIZATION'), (u'Them', u'ORGANIZATION')]]"
"['The Hardest Part Of Being A Parent Is Telling Your Son You Can\xe2\x80\x99t Promote Him From VP For A Few Years', [(u'The', u'O'), (u'Hardest', u'O'), (u'Part', u'O'), (u'Of', u'O'), (u'Being', u'O'), (u'A', u'O'), (u'Parent', u'O'), (u'Is', u'O'), (u'Telling', u'O'), (u'Your', u'O'), (u'Son', u'O'), (u'You', u'O'), (u'Can\u2019t', u'O'), (u'Promote', u'O'), (u'Him', u'O'), (u'From', u'O'), (u'VP', u'O'), (u'For', u'O'), (u'A', u'O'), (u'Few', u'O'), (u'Years', u'O')]]"
"['Police Satisfied After Drunk Man Assures Them There\xe2\x80\x99s No Problem', [(u'Police', u'O'), (u'Satisfied', u'O'), (u'After', u'O'), (u'Drunk', u'O'), (u'Man', u'O'), (u'Assures', u'O'), (u'Them', u'O'), (u'There\u2019s', u'O'), (u'No', u'O'), (u'Problem', u'O')]]"
"[""Cocktail Party Gets As Wild As It's Going To Get"", [(u'Cocktail', u'O'), (u'Party', u'O'), (u'Gets', u'O'), (u'As', u'O'), (u'Wild', u'O'), (u'As', u'O'), (u""It's"", u'O'), (u'Going', u'O'), (u'To', u'O'), (u'Get', u'O')]]"
"['Is Area Man Going To Finish Those Fries?', [(u'Is', u'O'), (u'Area', u'O'), (u'Man', u'O'), (u'Going', u'O'), (u'To', u'O'), (u'Finish', u'O'), (u'Those', u'O'), (u'Fries?', u'O')]]"
"['Paul Ryan Awaiting SoulCycle Instructor\xe2\x80\x99s Approval Before Accepting Speaker Role', [(u'Paul', u'PERSON'), (u'Ryan', u'PERSON'), (u'Awaiting', u'O'), (u'SoulCycle', u'O'), (u'Instructor\u2019s', u'O'), (u'Approval', u'O'), (u'Before', u'O'), (u'Accepting', u'O'), (u'Speaker', u'O'), (u'Role', u'O')]]"
"['Jimmy Buffett Pays For Own Drink For First Time In 17 Years', [(u'Jimmy', u'PERSON'), (u'Buffett', u'PERSON'), (u'Pays', u'O'), (u'For', u'O'), (u'Own', u'O'), (u'Drink', u'O'), (u'For', u'O'), (u'First', u'O'), (u'Time', u'O'), (u'In', u'O'), (u'17', u'O'), (u'Years', u'O')]]"
"['BREAKING: Dogs Running', [(u'BREAKING:', u'O'), (u'Dogs', u'O'), (u'Running', u'O')]]"
"['Preparing For Your Night Out', [(u'Preparing', u'O'), (u'For', u'O'), (u'Your', u'O'), (u'Night', u'O'), (u'Out', u'O')]]"
"['Tense Party Enters Third Hour Of Unplayed Acoustic Guitar Leaning Against Wall', [(u'Tense', u'O'), (u'Party', u'O'), (u'Enters', u'O'), (u'Third', u'O'), (u'Hour', u'O'), (u'Of', u'O'), (u'Unplayed', u'O'), (u'Acoustic', u'O'), (u'Guitar', u'O'), (u'Leaning', u'O'), (u'Against', u'O'), (u'Wall', u'O')]]"
"['Family Trying To Tune Out Hints Of Misogyny As Grandfather Lovingly Recalls Courting Grandmother', [(u'Family', u'O'), (u'Trying', u'O'), (u'To', u'O'), (u'Tune', u'O'), (u'Out', u'O'), (u'Hints', u'O'), (u'Of', u'O'), (u'Misogyny', u'O'), (u'As', u'O'), (u'Grandfather', u'O'), (u'Lovingly', u'O'), (u'Recalls', u'O'), (u'Courting', u'O'), (u'Grandmother', u'O')]]"
"['Top Parenting Trends Of 2014', [(u'Top', u'O'), (u'Parenting', u'O'), (u'Trends', u'O'), (u'Of', u'O'), (u'2014', u'O')]]"
"[""Dad Reaches Age Where It's No Longer Enjoyable To Make Fun Of How Old He Is"", [(u'Dad', u'O'), (u'Reaches', u'O'), (u'Age', u'O'), (u'Where', u'O'), (u""It's"", u'O'), (u'No', u'O'), (u'Longer', u'O'), (u'Enjoyable', u'O'), (u'To', u'O'), (u'Make', u'O'), (u'Fun', u'O'), (u'Of', u'O'), (u'How', u'O'), (u'Old', u'O'), (u'He', u'O'), (u'Is', u'O')]]"
"['John Boehner To Paul Ryan: \xe2\x80\x98I Was Once Young And Beautiful Too\xe2\x80\x99', [(u'John', u'PERSON'), (u'Boehner', u'PERSON'), (u'To', u'O'), (u'Paul', u'PERSON'), (u'Ryan:', u'PERSON'), (u'\u2018I', u'O'), (u'Was', u'O'), (u'Once', u'O'), (u'Young', u'O'), (u'And', u'O'), (u'Beautiful', u'O'), (u'Too\u2019', u'O')]]"
"['Tapas Arriving Too Fast', [(u'Tapas', u'O'), (u'Arriving', u'O'), (u'Too', u'O'), (u'Fast', u'O')]]"
"['Man Trying To Enter Conversation Spends Few Minutes Smiling And Nodding At Edge Of Circle', [(u'Man', u'O'), (u'Trying', u'O'), (u'To', u'O'), (u'Enter', u'O'), (u'Conversation', u'O'), (u'Spends', u'O'), (u'Few', u'O'), (u'Minutes', u'O'), (u'Smiling', u'O'), (u'And', u'O'), (u'Nodding', u'O'), (u'At', u'O'), (u'Edge', u'O'), (u'Of', u'O'), (u'Circle', u'O')]]"
"['Shy Friend Experimenting With Personality', [(u'Shy', u'O'), (u'Friend', u'O'), (u'Experimenting', u'O'), (u'With', u'O'), (u'Personality', u'O')]]"
"['Study Finds Expressing Anger In Unhealthy Ways Incredibly Satisfying', [(u'Study', u'O'), (u'Finds', u'O'), (u'Expressing', u'O'), (u'Anger', u'O'), (u'In', u'O'), (u'Unhealthy', u'O'), (u'Ways', u'O'), (u'Incredibly', u'O'), (u'Satisfying', u'O')]]"
"['Siblings Playing Tense Game Of Chicken To Decide Who Going To Care For Mom', [(u'Siblings', u'O'), (u'Playing', u'O'), (u'Tense', u'O'), (u'Game', u'O'), (u'Of', u'O'), (u'Chicken', u'O'), (u'To', u'O'), (u'Decide', u'O'), (u'Who', u'O'), (u'Going', u'O'), (u'To', u'O'), (u'Care', u'O'), (u'For', u'O'), (u'Mom', u'O')]]"
"['Sweating, Trembling Mom Still Coming Down From High Of Having Kids Under One Roof', [(u'Sweating,', u'O'), (u'Trembling', u'O'), (u'Mom', u'O'), (u'Still', u'O'), (u'Coming', u'O'), (u'Down', u'O'), (u'From', u'O'), (u'High', u'O'), (u'Of', u'O'), (u'Having', u'O'), (u'Kids', u'O'), (u'Under', u'O'), (u'One', u'O'), (u'Roof', u'O')]]"
"['Divorced Man Sadly Removes Ex-Wife\xe2\x80\x99s Admin Privileges From Home Security System', [(u'Divorced', u'O'), (u'Man', u'O'), (u'Sadly', u'O'), (u'Removes', u'O'), (u'Ex-Wife\u2019s', u'O'), (u'Admin', u'O'), (u'Privileges', u'O'), (u'From', u'O'), (u'Home', u'O'), (u'Security', u'O'), (u'System', u'O')]]"
"['Obama Increases Sense Of Urgency By Riding Last White Rhino On Earth Through Climate Talk', [(u'Obama', u'PERSON'), (u'Increases', u'O'), (u'Sense', u'O'), (u'Of', u'O'), (u'Urgency', u'O'), (u'By', u'O'), (u'Riding', u'O'), (u'Last', u'O'), (u'White', u'O'), (u'Rhino', u'O'), (u'On', u'O'), (u'Earth', u'O'), (u'Through', u'O'), (u'Climate', u'O'), (u'Talk', u'O')]]"
"['100 Crowded, Expensive Bars', [(u'100', u'O'), (u'Crowded,', u'O'), (u'Expensive', u'O'), (u'Bars', u'O')]]"
"['Youngest Sibling In Family Kind Of Thought Mom Would Lose Steam By Now', [(u'Youngest', u'O'), (u'Sibling', u'O'), (u'In', u'O'), (u'Family', u'O'), (u'Kind', u'O'), (u'Of', u'O'), (u'Thought', u'O'), (u'Mom', u'O'), (u'Would', u'O'), (u'Lose', u'O'), (u'Steam', u'O'), (u'By', u'O'), (u'Now', u'O')]]"
"['Self-Centered Child Blames Divorce Entirely On Himself', [(u'Self-Centered', u'O'), (u'Child', u'O'), (u'Blames', u'O'), (u'Divorce', u'O'), (u'Entirely', u'O'), (u'On', u'O'), (u'Himself', u'O')]]"
"['Study: Human Hearing Most Acute When Listening To Arguing Parents From Top Of Stairs', [(u'Study:', u'O'), (u'Human', u'O'), (u'Hearing', u'O'), (u'Most', u'O'), (u'Acute', u'O'), (u'When', u'O'), (u'Listening', u'O'), (u'To', u'O'), (u'Arguing', u'O'), (u'Parents', u'O'), (u'From', u'O'), (u'Top', u'O'), (u'Of', u'O'), (u'Stairs', u'O')]]"
"['Report: Mom Has Plan For Tub Of Whipped Cream In Fridge', [(u'Report:', u'O'), (u'Mom', u'O'), (u'Has', u'O'), (u'Plan', u'O'), (u'For', u'O'), (u'Tub', u'O'), (u'Of', u'O'), (u'Whipped', u'O'), (u'Cream', u'O'), (u'In', u'O'), (u'Fridge', u'O')]]"
"['Man Tentatively Takes Shot At Bad-Mouthing Girlfriend\xe2\x80\x99s Family For First Time', [(u'Man', u'O'), (u'Tentatively', u'O'), (u'Takes', u'O'), (u'Shot', u'O'), (u'At', u'O'), (u'Bad-Mouthing', u'O'), (u'Girlfriend\u2019s', u'O'), (u'Family', u'O'), (u'For', u'O'), (u'First', u'O'), (u'Time', u'O')]]"
"['NASA Discovers This Planet, Planet Earth, Just Might Be What It\xe2\x80\x99s Been Searching For All Along', [(u'NASA', u'ORGANIZATION'), (u'Discovers', u'O'), (u'This', u'O'), (u'Planet,', u'O'), (u'Planet', u'O'), (u'Earth,', u'O'), (u'Just', u'O'), (u'Might', u'O'), (u'Be', u'O'), (u'What', u'O'), (u'It\u2019s', u'O'), (u'Been', u'O'), (u'Searching', u'O'), (u'For', u'O'), (u'All', u'O'), (u'Along', u'O')]]"
"['Winning Argument With Aging Parents Less Satisfying Than It Once Was', [(u'Winning', u'O'), (u'Argument', u'O'), (u'With', u'O'), (u'Aging', u'O'), (u'Parents', u'O'), (u'Less', u'O'), (u'Satisfying', u'O'), (u'Than', u'O'), (u'It', u'O'), (u'Once', u'O'), (u'Was', u'O')]]"
"['Area Man Lies Awake At Night Worrying About Toner Cartridges', [(u'Area', u'O'), (u'Man', u'O'), (u'Lies', u'O'), (u'Awake', u'O'), (u'At', u'O'), (u'Night', u'O'), (u'Worrying', u'O'), (u'About', u'O'), (u'Toner', u'O'), (u'Cartridges', u'O')]]"
"['\xe2\x80\x98Our Town\xe2\x80\x99 Cast Party Going Off The Rails', [(u'\u2018Our', u'O'), (u'Town\u2019', u'O'), (u'Cast', u'O'), (u'Party', u'O'), (u'Going', u'O'), (u'Off', u'O'), (u'The', u'O'), (u'Rails', u'O')]]"
"['Kids Teary-Eyed After Helping Dad Move Into First Apartment', [(u'Kids', u'O'), (u'Teary-Eyed', u'O'), (u'After', u'O'), (u'Helping', u'O'), (u'Dad', u'O'), (u'Move', u'O'), (u'Into', u'O'), (u'First', u'O'), (u'Apartment', u'O')]]"
"['Report: More Americans Relying On Grandparents To Help Fuck Up Their Kids', [(u'Report:', u'O'), (u'More', u'O'), (u'Americans', u'O'), (u'Relying', u'O'), (u'On', u'O'), (u'Grandparents', u'O'), (u'To', u'O'), (u'Help', u'O'), (u'Fuck', u'O'), (u'Up', u'O'), (u'Their', u'O'), (u'Kids', u'O')]]"
"['Night Out Thrown Off-Balance By Friend Unexpectedly Bringing Someone', [(u'Night', u'O'), (u'Out', u'O'), (u'Thrown', u'O'), (u'Off-Balance', u'O'), (u'By', u'O'), (u'Friend', u'O'), (u'Unexpectedly', u'O'), (u'Bringing', u'O'), (u'Someone', u'O')]]"
"['Date Disastrously Bypasses Physical Intimacy, Goes Straight To Emotional Intimacy', [(u'Date', u'O'), (u'Disastrously', u'O'), (u'Bypasses', u'O'), (u'Physical', u'O'), (u'Intimacy,', u'O'), (u'Goes', u'O'), (u'Straight', u'O'), (u'To', u'O'), (u'Emotional', u'O'), (u'Intimacy', u'O')]]"
"['Hand Gestures Transform Friend\xe2\x80\x99s Story Into Immersive Virtual Reality Experience', [(u'Hand', u'O'), (u'Gestures', u'O'), (u'Transform', u'O'), (u'Friend\u2019s', u'O'), (u'Story', u'O'), (u'Into', u'O'), (u'Immersive', u'O'), (u'Virtual', u'O'), (u'Reality', u'O'), (u'Experience', u'O')]]"
"['Woman Mad Boyfriend Not Jealous She Danced With Other Guy', [(u'Woman', u'O'), (u'Mad', u'O'), (u'Boyfriend', u'O'), (u'Not', u'O'), (u'Jealous', u'O'), (u'She', u'O'), (u'Danced', u'O'), (u'With', u'O'), (u'Other', u'O'), (u'Guy', u'O')]]"
"['Family Has Strict No Smartphone Rule While Eating Dinner In Front Of TV', [(u'Family', u'O'), (u'Has', u'O'), (u'Strict', u'O'), (u'No', u'O'), (u'Smartphone', u'O'), (u'Rule', u'O'), (u'While', u'O'), (u'Eating', u'O'), (u'Dinner', u'O'), (u'In', u'O'), (u'Front', u'O'), (u'Of', u'O'), (u'TV', u'O')]]"
"['Guy Carrying Guitar Case On Elevator Envied By Everyone On Elevator, Imagines Guy', [(u'Guy', u'O'), (u'Carrying', u'O'), (u'Guitar', u'O'), (u'Case', u'O'), (u'On', u'O'), (u'Elevator', u'O'), (u'Envied', u'O'), (u'By', u'O'), (u'Everyone', u'O'), (u'On', u'O'), (u'Elevator,', u'O'), (u'Imagines', u'O'), (u'Guy', u'O')]]"
"['Until I Had Kids, I Never Thought I Could Love Something Almost As Much As Myself', [(u'Until', u'O'), (u'I', u'O'), (u'Had', u'O'), (u'Kids,', u'O'), (u'I', u'O'), (u'Never', u'O'), (u'Thought', u'O'), (u'I', u'O'), (u'Could', u'O'), (u'Love', u'O'), (u'Something', u'O'), (u'Almost', u'O'), (u'As', u'O'), (u'Much', u'O'), (u'As', u'O'), (u'Myself', u'O')]]"
"['Guy At Bar Had Similar Experience, But Better', [(u'Guy', u'O'), (u'At', u'O'), (u'Bar', u'O'), (u'Had', u'O'), (u'Similar', u'O'), (u'Experience,', u'O'), (u'But', u'O'), (u'Better', u'O')]]"
"[""Frequent Flyer Knows Out-Of-The-Way Airport Bar That's Never Crowded"", [(u'Frequent', u'O'), (u'Flyer', u'O'), (u'Knows', u'O'), (u'Out-Of-The-Way', u'O'), (u'Airport', u'O'), (u'Bar', u'O'), (u""That's"", u'O'), (u'Never', u'O'), (u'Crowded', u'O')]]"
"['Area Man Already Tired Of Prison', [(u'Area', u'O'), (u'Man', u'O'), (u'Already', u'O'), (u'Tired', u'O'), (u'Of', u'O'), (u'Prison', u'O')]]"
"['Being Older Than Daughter Babysitter\xe2\x80\x99s Only Qualification', [(u'Being', u'O'), (u'Older', u'O'), (u'Than', u'O'), (u'Daughter', u'O'), (u'Babysitter\u2019s', u'O'), (u'Only', u'O'), (u'Qualification', u'O')]]"
"['Researchers: Quality Of Sleep May Be Affected By Abandoning Family In 1994', [(u'Researchers:', u'O'), (u'Quality', u'O'), (u'Of', u'O'), (u'Sleep', u'O'), (u'May', u'O'), (u'Be', u'O'), (u'Affected', u'O'), (u'By', u'O'), (u'Abandoning', u'O'), (u'Family', u'O'), (u'In', u'O'), (u'1994', u'O')]]"
"['Area Dad Off To Bad Start With Waitress', [(u'Area', u'O'), (u'Dad', u'O'), (u'Off', u'O'), (u'To', u'O'), (u'Bad', u'O'), (u'Start', u'O'), (u'With', u'O'), (u'Waitress', u'O')]]"
"['Jeb Bush Inching Podium Closer To Center Of Stage During Commercial Breaks', [(u'Jeb', u'PERSON'), (u'Bush', u'PERSON'), (u'Inching', u'O'), (u'Podium', u'O'), (u'Closer', u'O'), (u'To', u'O'), (u'Center', u'O'), (u'Of', u'O'), (u'Stage', u'O'), (u'During', u'O'), (u'Commercial', u'O'), (u'Breaks', u'O')]]"
"['World Wildlife Fund Quickly Backtracks After Announcing Panda Ears Are Delicious', [(u'World', u'O'), (u'Wildlife', u'O'), (u'Fund', u'O'), (u'Quickly', u'O'), (u'Backtracks', u'O'), (u'After', u'O'), (u'Announcing', u'O'), (u'Panda', u'O'), (u'Ears', u'O'), (u'Are', u'O'), (u'Delicious', u'O')]]"
"['Guy At Bar A Little Too Into Stevie Ray Vaughan', [(u'Guy', u'O'), (u'At', u'O'), (u'Bar', u'O'), (u'A', u'O'), (u'Little', u'O'), (u'Too', u'O'), (u'Into', u'O'), (u'Stevie', u'PERSON'), (u'Ray', u'PERSON'), (u'Vaughan', u'PERSON')]]"
"['Man Treats Mother To Detail About His Personal Life', [(u'Man', u'O'), (u'Treats', u'O'), (u'Mother', u'O'), (u'To', u'O'), (u'Detail', u'O'), (u'About', u'O'), (u'His', u'O'), (u'Personal', u'O'), (u'Life', u'O')]]"
"['North American Children Begin Summer Migration To Dad\xe2\x80\x99s', [(u'North', u'O'), (u'American', u'O'), (u'Children', u'O'), (u'Begin', u'O'), (u'Summer', u'O'), (u'Migration', u'O'), (u'To', u'O'), (u'Dad\u2019s', u'O')]]"
"['Area Man Obsessed With Knowing If Kevin Spacey Asshole In Real Life', [(u'Area', u'O'), (u'Man', u'O'), (u'Obsessed', u'O'), (u'With', u'O'), (u'Knowing', u'O'), (u'If', u'O'), (u'Kevin', u'PERSON'), (u'Spacey', u'PERSON'), (u'Asshole', u'O'), (u'In', u'O'), (u'Real', u'O'), (u'Life', u'O')]]"
"['Area Man\xe2\x80\x99s Intelligence Probably Just Too Intimidating For Most Women', [(u'Area', u'O'), (u'Man\u2019s', u'O'), (u'Intelligence', u'O'), (u'Probably', u'O'), (u'Just', u'O'), (u'Too', u'O'), (u'Intimidating', u'O'), (u'For', u'O'), (u'Most', u'O'), (u'Women', u'O')]]"
"['Biologists Announce They\xe2\x80\x99re All Done With Rodents', [(u'Biologists', u'O'), (u'Announce', u'O'), (u'They\u2019re', u'O'), (u'All', u'O'), (u'Done', u'O'), (u'With', u'O'), (u'Rodents', u'O')]]"
"['Candidates Preparing For Colorado Debate Conditions With High-Altitude Speaking Drills', [(u'Candidates', u'O'), (u'Preparing', u'O'), (u'For', u'O'), (u'Colorado', u'LOCATION'), (u'Debate', u'O'), (u'Conditions', u'O'), (u'With', u'O'), (u'High-Altitude', u'O'), (u'Speaking', u'O'), (u'Drills', u'O')]]"
"['Lie To Cover Surprise Party Sounds More Fun Than Surprise Party', [(u'Lie', u'O'), (u'To', u'O'), (u'Cover', u'O'), (u'Surprise', u'O'), (u'Party', u'O'), (u'Sounds', u'O'), (u'More', u'O'), (u'Fun', u'O'), (u'Than', u'O'), (u'Surprise', u'O'), (u'Party', u'O')]]"
"['Crazy Man Announces Plans To Stand In Doorway, Yell At Cars All Day', [(u'Crazy', u'O'), (u'Man', u'O'), (u'Announces', u'O'), (u'Plans', u'O'), (u'To', u'O'), (u'Stand', u'O'), (u'In', u'O'), (u'Doorway,', u'O'), (u'Yell', u'O'), (u'At', u'O'), (u'Cars', u'O'), (u'All', u'O'), (u'Day', u'O')]]"
"['Lawyer Friend Makes Strong Case For Nachos', [(u'Lawyer', u'O'), (u'Friend', u'O'), (u'Makes', u'O'), (u'Strong', u'O'), (u'Case', u'O'), (u'For', u'O'), (u'Nachos', u'O')]]"
"['Area Man Settled For', [(u'Area', u'O'), (u'Man', u'O'), (u'Settled', u'O'), (u'For', u'O')]]"
"['Convention-Goer Removes Name Tag, Vanishes Back Into World Of Anonymous Hilton Orlando Guests', [(u'Convention-Goer', u'O'), (u'Removes', u'O'), (u'Name', u'O'), (u'Tag,', u'O'), (u'Vanishes', u'O'), (u'Back', u'O'), (u'Into', u'O'), (u'World', u'O'), (u'Of', u'O'), (u'Anonymous', u'O'), (u'Hilton', u'O'), (u'Orlando', u'O'), (u'Guests', u'O')]]"
"['Cocktail-Party Guest Cornered By Joel Stein', [(u'Cocktail-Party', u'O'), (u'Guest', u'O'), (u'Cornered', u'O'), (u'By', u'O'), (u'Joel', u'PERSON'), (u'Stein', u'PERSON')]]"
"['Daily Spin Class Only Thing Keeping Mom From Driving Car Full Of Kids Into Ocean', [(u'Daily', u'O'), (u'Spin', u'O'), (u'Class', u'O'), (u'Only', u'O'), (u'Thing', u'O'), (u'Keeping', u'O'), (u'Mom', u'O'), (u'From', u'O'), (u'Driving', u'O'), (u'Car', u'O'), (u'Full', u'O'), (u'Of', u'O'), (u'Kids', u'O'), (u'Into', u'O'), (u'Ocean', u'O')]]"
"['Spider-Man Mask Spices Up Blind Date', [(u'Spider-Man', u'O'), (u'Mask', u'O'), (u'Spices', u'O'), (u'Up', u'O'), (u'Blind', u'O'), (u'Date', u'O')]]"
"['Guest Given Air Mattress That Will Slowly Deflate Throughout Night', [(u'Guest', u'O'), (u'Given', u'O'), (u'Air', u'O'), (u'Mattress', u'O'), (u'That', u'O'), (u'Will', u'O'), (u'Slowly', u'O'), (u'Deflate', u'O'), (u'Throughout', u'O'), (u'Night', u'O')]]"
"[""Area Man Doesn't Look Jewish"", [(u'Area', u'O'), (u'Man', u'O'), (u""Doesn't"", u'O'), (u'Look', u'O'), (u'Jewish', u'O')]]"
"['Area Man Meets That Special Someone Else', [(u'Area', u'O'), (u'Man', u'O'), (u'Meets', u'O'), (u'That', u'O'), (u'Special', u'O'), (u'Someone', u'O'), (u'Else', u'O')]]"
"['Legal Dream Team Of Coworkers Counsel Woman On Strategy For Speeding Ticket', [(u'Legal', u'O'), (u'Dream', u'O'), (u'Team', u'O'), (u'Of', u'O'), (u'Coworkers', u'O'), (u'Counsel', u'O'), (u'Woman', u'O'), (u'On', u'O'), (u'Strategy', u'O'), (u'For', u'O'), (u'Speeding', u'O'), (u'Ticket', u'O')]]"
"['Michelle Obama, Hillary Clinton, Barbara Bush Hit D.C. Bar Scene For First Ladies Night Specials', [(u'Michelle', u'PERSON'), (u'Obama,', u'PERSON'), (u'Hillary', u'PERSON'), (u'Clinton,', u'O'), (u'Barbara', u'PERSON'), (u'Bush', u'PERSON'), (u'Hit', u'LOCATION'), (u'D.C.', u'LOCATION'), (u'Bar', u'O'), (u'Scene', u'O'), (u'For', u'O'), (u'First', u'O'), (u'Ladies', u'O'), (u'Night', u'O'), (u'Specials', u'O')]]"
"['New Super-Fast Transport System Powered By Passengers\xe2\x80\x99 Screams', [(u'New', u'O'), (u'Super-Fast', u'O'), (u'Transport', u'O'), (u'System', u'O'), (u'Powered', u'O'), (u'By', u'O'), (u'Passengers\u2019', u'O'), (u'Screams', u'O')]]"
"['Man In Solitary Confinement Can\xe2\x80\x99t Break With Reality Fast Enough', [(u'Man', u'O'), (u'In', u'O'), (u'Solitary', u'O'), (u'Confinement', u'O'), (u'Can\u2019t', u'O'), (u'Break', u'O'), (u'With', u'O'), (u'Reality', u'O'), (u'Fast', u'O'), (u'Enough', u'O')]]"
"['Towels Across Water Park Lounge Chairs Mark Family\xe2\x80\x99s Ironclad Claim', [(u'Towels', u'O'), (u'Across', u'O'), (u'Water', u'O'), (u'Park', u'O'), (u'Lounge', u'O'), (u'Chairs', u'O'), (u'Mark', u'O'), (u'Family\u2019s', u'O'), (u'Ironclad', u'O'), (u'Claim', u'O')]]"
"['Impressive New Hire Figures Out Bare Minimum Of Work Job Requires On First Day', [(u'Impressive', u'O'), (u'New', u'O'), (u'Hire', u'O'), (u'Figures', u'O'), (u'Out', u'O'), (u'Bare', u'O'), (u'Minimum', u'O'), (u'Of', u'O'), (u'Work', u'O'), (u'Job', u'O'), (u'Requires', u'O'), (u'On', u'O'), (u'First', u'O'), (u'Day', u'O')]]"
"['Planning A Dinner Party', [(u'Planning', u'O'), (u'A', u'O'), (u'Dinner', u'O'), (u'Party', u'O')]]"
"['Nation\xe2\x80\x99s Younger Cousins Announce Plans To Cry At Haunted Houses This Year', [(u'Nation\u2019s', u'O'), (u'Younger', u'O'), (u'Cousins', u'O'), (u'Announce', u'O'), (u'Plans', u'O'), (u'To', u'O'), (u'Cry', u'O'), (u'At', u'O'), (u'Haunted', u'O'), (u'Houses', u'O'), (u'This', u'O'), (u'Year', u'O')]]"
"['Mood In Car Takes Grim Turn After Dad Misses Exit', [(u'Mood', u'O'), (u'In', u'O'), (u'Car', u'O'), (u'Takes', u'O'), (u'Grim', u'O'), (u'Turn', u'O'), (u'After', u'O'), (u'Dad', u'O'), (u'Misses', u'O'), (u'Exit', u'O')]]"
"['Wall Street Firm Develops New High-Speed Algorithm Capable Of Performing Over 10,000 Ethical Violations Per Second', [(u'Wall', u'O'), (u'Street', u'O'), (u'Firm', u'O'), (u'Develops', u'O'), (u'New', u'O'), (u'High-Speed', u'O'), (u'Algorithm', u'O'), (u'Capable', u'O'), (u'Of', u'O'), (u'Performing', u'O'), (u'Over', u'O'), (u'10,000', u'O'), (u'Ethical', u'O'), (u'Violations', u'O'), (u'Per', u'O'), (u'Second', u'O')]]"
"['Siblings Quietly Relieved Oldest Brother Setting Bar So Low', [(u'Siblings', u'O'), (u'Quietly', u'O'), (u'Relieved', u'O'), (u'Oldest', u'O'), (u'Brother', u'O'), (u'Setting', u'O'), (u'Bar', u'O'), (u'So', u'O'), (u'Low', u'O')]]"
"['Area Man Could Eat', [(u'Area', u'O'), (u'Man', u'O'), (u'Could', u'O'), (u'Eat', u'O')]]"
"['Report: Majority Of Married People Get Up And Go To Second Family\xe2\x80\x99s House As Soon As Spouse Asleep', [(u'Report:', u'O'), (u'Majority', u'O'), (u'Of', u'O'), (u'Married', u'O'), (u'People', u'O'), (u'Get', u'O'), (u'Up', u'O'), (u'And', u'O'), (u'Go', u'O'), (u'To', u'O'), (u'Second', u'O'), (u'Family\u2019s', u'O'), (u'House', u'O'), (u'As', u'O'), (u'Soon', u'O'), (u'As', u'O'), (u'Spouse', u'O'), (u'Asleep', u'O')]]"
"['Man Appalled At Date Who Lied Slightly More Than Him On Online Dating Profile', [(u'Man', u'O'), (u'Appalled', u'O'), (u'At', u'O'), (u'Date', u'O'), (u'Who', u'O'), (u'Lied', u'O'), (u'Slightly', u'O'), (u'More', u'O'), (u'Than', u'O'), (u'Him', u'O'), (u'On', u'O'), (u'Online', u'O'), (u'Dating', u'O'), (u'Profile', u'O')]]"
"[""I'm A Dinner-Party Animal"", [(u""I'm"", u'O'), (u'A', u'O'), (u'Dinner-Party', u'O'), (u'Animal', u'O')]]"
"['Dad Receives Advance Intelligence On Visiting Son\xe2\x80\x99s New Eyeliner', [(u'Dad', u'O'), (u'Receives', u'O'), (u'Advance', u'O'), (u'Intelligence', u'O'), (u'On', u'O'), (u'Visiting', u'O'), (u'Son\u2019s', u'O'), (u'New', u'O'), (u'Eyeliner', u'O')]]"
"['Millions Of Holiday Travelers Return From Parents\xe2\x80\x99 Homes All Caught Up On \xe2\x80\x98The Mentalist\xe2\x80\x99', [(u'Millions', u'O'), (u'Of', u'O'), (u'Holiday', u'O'), (u'Travelers', u'O'), (u'Return', u'O'), (u'From', u'O'), (u'Parents\u2019', u'O'), (u'Homes', u'O'), (u'All', u'O'), (u'Caught', u'O'), (u'Up', u'O'), (u'On', u'O'), (u'\u2018The', u'O'), (u'Mentalist\u2019', u'O')]]"
"['Sadly, Gift Certificate To Loews Cinemas Perfect Gift For Area Man', [(u'Sadly,', u'O'), (u'Gift', u'O'), (u'Certificate', u'O'), (u'To', u'O'), (u'Loews', u'ORGANIZATION'), (u'Cinemas', u'O'), (u'Perfect', u'O'), (u'Gift', u'O'), (u'For', u'O'), (u'Area', u'O'), (u'Man', u'O')]]"
"['12-Year-Old\xe2\x80\x99s Christmas List Demonstrates Heartbreaking Awareness Of Family\xe2\x80\x99s Financial Predicament', [(u'12-Year-Old\u2019s', u'O'), (u'Christmas', u'O'), (u'List', u'O'), (u'Demonstrates', u'O'), (u'Heartbreaking', u'O'), (u'Awareness', u'O'), (u'Of', u'O'), (u'Family\u2019s', u'O'), (u'Financial', u'O'), (u'Predicament', u'O')]]"
"['Homosexuality Only Thing Parents Can Accept About Son', [(u'Homosexuality', u'O'), (u'Only', u'O'), (u'Thing', u'O'), (u'Parents', u'O'), (u'Can', u'O'), (u'Accept', u'O'), (u'About', u'O'), (u'Son', u'O')]]"
"['Report: Climate Change To Force People To Double Ice Cream Consumption Speed By 2050', [(u'Report:', u'O'), (u'Climate', u'O'), (u'Change', u'O'), (u'To', u'O'), (u'Force', u'O'), (u'People', u'O'), (u'To', u'O'), (u'Double', u'O'), (u'Ice', u'O'), (u'Cream', u'O'), (u'Consumption', u'O'), (u'Speed', u'O'), (u'By', u'O'), (u'2050', u'O')]]"
"['Parents Clinging To Lone Religious Element Of Daughter\xe2\x80\x99s Wedding Ceremony', [(u'Parents', u'O'), (u'Clinging', u'O'), (u'To', u'O'), (u'Lone', u'O'), (u'Religious', u'O'), (u'Element', u'O'), (u'Of', u'O'), (u'Daughter\u2019s', u'O'), (u'Wedding', u'O'), (u'Ceremony', u'O')]]"
"['Fast-Talking Computer Hacker Just Has To Break Through Encryption Shield Before Uploading Nano-Virus', [(u'Fast-Talking', u'O'), (u'Computer', u'O'), (u'Hacker', u'O'), (u'Just', u'O'), (u'Has', u'O'), (u'To', u'O'), (u'Break', u'O'), (u'Through', u'O'), (u'Encryption', u'O'), (u'Shield', u'O'), (u'Before', u'O'), (u'Uploading', u'O'), (u'Nano-Virus', u'O')]]"
"['Double-Jointed Man On Date Breaks It Out Too Early', [(u'Double-Jointed', u'O'), (u'Man', u'O'), (u'On', u'O'), (u'Date', u'O'), (u'Breaks', u'O'), (u'It', u'O'), (u'Out', u'O'), (u'Too', u'O'), (u'Early', u'O')]]"
"[""There's Only Room At This Party For One Guy Named Skeeter"", [(u""There's"", u'O'), (u'Only', u'O'), (u'Room', u'O'), (u'At', u'O'), (u'This', u'O'), (u'Party', u'O'), (u'For', u'O'), (u'One', u'O'), (u'Guy', u'O'), (u'Named', u'O'), (u'Skeeter', u'PERSON')]]"
"['Kids Love When Mom Sad Enough To Just Order Pizza', [(u'Kids', u'O'), (u'Love', u'O'), (u'When', u'O'), (u'Mom', u'O'), (u'Sad', u'O'), (u'Enough', u'O'), (u'To', u'O'), (u'Just', u'O'), (u'Order', u'O'), (u'Pizza', u'O')]]"
"['Area Man Loses All Control Of Face While Thinking', [(u'Area', u'O'), (u'Man', u'O'), (u'Loses', u'O'), (u'All', u'O'), (u'Control', u'O'), (u'Of', u'O'), (u'Face', u'O'), (u'While', u'O'), (u'Thinking', u'O')]]"
"['Local Man Ruins Date By Just Being Himself', [(u'Local', u'O'), (u'Man', u'O'), (u'Ruins', u'O'), (u'Date', u'O'), (u'By', u'O'), (u'Just', u'O'), (u'Being', u'O'), (u'Himself', u'O')]]"
"['Unemployed Sibling Makes Last Push For Group Mother\xe2\x80\x99s Day Gift ', [(u'Unemployed', u'O'), (u'Sibling', u'O'), (u'Makes', u'O'), (u'Last', u'O'), (u'Push', u'O'), (u'For', u'O'), (u'Group', u'O'), (u'Mother\u2019s', u'O'), (u'Day', u'O'), (u'Gift', u'O')]]"
"['Man Has No Idea What To Do With Visiting Friend Between Meals', [(u'Man', u'O'), (u'Has', u'O'), (u'No', u'O'), (u'Idea', u'O'), (u'What', u'O'), (u'To', u'O'), (u'Do', u'O'), (u'With', u'O'), (u'Visiting', u'O'), (u'Friend', u'O'), (u'Between', u'O'), (u'Meals', u'O')]]"
"['Father Teaches Son How To Fly Into Rage Over Completely Inconsequential Bullshit', [(u'Father', u'O'), (u'Teaches', u'O'), (u'Son', u'O'), (u'How', u'O'), (u'To', u'O'), (u'Fly', u'O'), (u'Into', u'O'), (u'Rage', u'O'), (u'Over', u'O'), (u'Completely', u'O'), (u'Inconsequential', u'O'), (u'Bullshit', u'O')]]"
"['Nation\xe2\x80\x99s Conservationists Warn There Only 8 Trillion Rats Left', [(u'Nation\u2019s', u'O'), (u'Conservationists', u'O'), (u'Warn', u'O'), (u'There', u'O'), (u'Only', u'O'), (u'8', u'O'), (u'Trillion', u'O'), (u'Rats', u'O'), (u'Left', u'O')]]"
"['Report: More Children Being Raised With Religion Of Pushier Parent', [(u'Report:', u'O'), (u'More', u'O'), (u'Children', u'O'), (u'Being', u'O'), (u'Raised', u'O'), (u'With', u'O'), (u'Religion', u'O'), (u'Of', u'O'), (u'Pushier', u'O'), (u'Parent', u'O')]]"
"['26-Year-Old To See Every Asshole He Ever Went To High School With On Night Before Thanksgiving', [(u'26-Year-Old', u'O'), (u'To', u'O'), (u'See', u'O'), (u'Every', u'O'), (u'Asshole', u'O'), (u'He', u'O'), (u'Ever', u'O'), (u'Went', u'O'), (u'To', u'O'), (u'High', u'O'), (u'School', u'O'), (u'With', u'O'), (u'On', u'O'), (u'Night', u'O'), (u'Before', u'O'), (u'Thanksgiving', u'O')]]"
"['Childish 12-Year-Old Still Believes In Father', [(u'Childish', u'O'), (u'12-Year-Old', u'O'), (u'Still', u'O'), (u'Believes', u'O'), (u'In', u'O'), (u'Father', u'O')]]"
"['Area Man Pretty Sure He Knows Which Athletes Are Gay', [(u'Area', u'O'), (u'Man', u'O'), (u'Pretty', u'O'), (u'Sure', u'O'), (u'He', u'O'), (u'Knows', u'O'), (u'Which', u'O'), (u'Athletes', u'O'), (u'Are', u'O'), (u'Gay', u'O')]]"
"['Workaholic Dad Misses Only One Or Two Accomplishments In Unimpressive Child\xe2\x80\x99s Life', [(u'Workaholic', u'O'), (u'Dad', u'O'), (u'Misses', u'O'), (u'Only', u'O'), (u'One', u'O'), (u'Or', u'O'), (u'Two', u'O'), (u'Accomplishments', u'O'), (u'In', u'O'), (u'Unimpressive', u'O'), (u'Child\u2019s', u'O'), (u'Life', u'O')]]"
"['Tollbooth Attendant Wishes Just One High-Speed Chase Would Crash Through Entry Bar', [(u'Tollbooth', u'O'), (u'Attendant', u'O'), (u'Wishes', u'O'), (u'Just', u'O'), (u'One', u'O'), (u'High-Speed', u'O'), (u'Chase', u'O'), (u'Would', u'O'), (u'Crash', u'O'), (u'Through', u'O'), (u'Entry', u'O'), (u'Bar', u'O')]]"
"['Area Man Busts His Ass All Day, And For What?', [(u'Area', u'O'), (u'Man', u'O'), (u'Busts', u'O'), (u'His', u'O'), (u'Ass', u'O'), (u'All', u'O'), (u'Day,', u'O'), (u'And', u'O'), (u'For', u'O'), (u'What?', u'O')]]"
"['Area Man Locked In Protracted Battle With Sweatshirt Neckhole', [(u'Area', u'O'), (u'Man', u'O'), (u'Locked', u'O'), (u'In', u'O'), (u'Protracted', u'O'), (u'Battle', u'O'), (u'With', u'O'), (u'Sweatshirt', u'O'), (u'Neckhole', u'O')]]"
"['Terrifying Uniformed Bachelorette Party Storms Local Bar', [(u'Terrifying', u'O'), (u'Uniformed', u'O'), (u'Bachelorette', u'ORGANIZATION'), (u'Party', u'ORGANIZATION'), (u'Storms', u'ORGANIZATION'), (u'Local', u'ORGANIZATION'), (u'Bar', u'ORGANIZATION')]]"
"[""No One In Group Admits Girls' Night Out A Colossal Failure"", [(u'No', u'O'), (u'One', u'O'), (u'In', u'O'), (u'Group', u'O'), (u'Admits', u'O'), (u""Girls'"", u'O'), (u'Night', u'O'), (u'Out', u'O'), (u'A', u'O'), (u'Colossal', u'O'), (u'Failure', u'O')]]"
"['Hands-Off Mom Lets Kids Create Own Psychological Issues', [(u'Hands-Off', u'O'), (u'Mom', u'O'), (u'Lets', u'O'), (u'Kids', u'O'), (u'Create', u'O'), (u'Own', u'O'), (u'Psychological', u'O'), (u'Issues', u'O')]]"
"['Republicans\xe2\x80\x99 Demands For Upcoming Debates', [(u'Republicans\u2019', u'O'), (u'Demands', u'O'), (u'For', u'O'), (u'Upcoming', u'O'), (u'Debates', u'O')]]"
"['Happy New Year', [(u'Happy', u'O'), (u'New', u'O'), (u'Year', u'O')]]"
"['Area Man Could Use The Overtime Anyway', [(u'Area', u'O'), (u'Man', u'O'), (u'Could', u'O'), (u'Use', u'O'), (u'The', u'O'), (u'Overtime', u'O'), (u'Anyway', u'O')]]"
"['Area Father Beginning To Suspect 3-Year-Old A Real Ding-Dong', [(u'Area', u'O'), (u'Father', u'O'), (u'Beginning', u'O'), (u'To', u'O'), (u'Suspect', u'O'), (u'3-Year-Old', u'O'), (u'A', u'O'), (u'Real', u'O'), (u'Ding-Dong', u'O')]]"
"['Man Breaks Out Dating Boxers', [(u'Man', u'O'), (u'Breaks', u'O'), (u'Out', u'O'), (u'Dating', u'O'), (u'Boxers', u'O')]]"
"['Facebook Offers To Freeze Female Employees\xe2\x80\x99\xc2\xa0Newborn Children', [(u'Facebook', u'ORGANIZATION'), (u'Offers', u'O'), (u'To', u'O'), (u'Freeze', u'O'), (u'Female', u'O'), (u'Employees\u2019', u'O'), (u'Newborn', u'O')]]"
"['Study Finds More Americans Waiting To Start Secret Second Families Until Later In Life', [(u'Study', u'O'), (u'Finds', u'O'), (u'More', u'O'), (u'Americans', u'O'), (u'Waiting', u'O'), (u'To', u'O'), (u'Start', u'O'), (u'Secret', u'O'), (u'Second', u'O'), (u'Families', u'O'), (u'Until', u'O'), (u'Later', u'O'), (u'In', u'O'), (u'Life', u'O')]]"
"['Bouncer Instructed Not To Let People Like Himself In', [(u'Bouncer', u'O'), (u'Instructed', u'O'), (u'Not', u'O'), (u'To', u'O'), (u'Let', u'O'), (u'People', u'O'), (u'Like', u'O'), (u'Himself', u'O'), (u'In', u'O')]]"
"['Friend\xe2\x80\x99s Grandma To Give You Hug Too', [(u'Friend\u2019s', u'O'), (u'Grandma', u'O'), (u'To', u'O'), (u'Give', u'O'), (u'You', u'O'), (u'Hug', u'O'), (u'Too', u'O')]]"
