New Study Finds Box Still World’s Most Popular Container,Study Finds Chicago Home to Nation's Worst Bottleneck,2
New Study Finds Box Still World’s Most Popular Container,Belles Are Still Ringing,1
New Study Finds Box Still World’s Most Popular Container,Wall St. bonuses down- study,1
Married Couple Only Staying Together For Sake Of U.S. Divorce Rate,For Variety&#8217;s Sake,1
Married Couple Only Staying Together For Sake Of U.S. Divorce Rate,UK jobless rate falls but wages rise,1
Married Couple Only Staying Together For Sake Of U.S. Divorce Rate,Halep and Sharapova Drawn Together at WTA Finals,1
Banjo Player Sought In Hootenanny Spree,Death Penalty to Be Sought in 2-State Slaying Spree,2
Banjo Player Sought In Hootenanny Spree,Bill Clinton Opening Fundraising Spree for Wife's Campaign,1
Banjo Player Sought In Hootenanny Spree,"City and United in Scoring Spree, No Goals for Klopp",1
CEO Has Big Ideas To Grow Company’s Problems,2015 Holiday Gift Ideas and Guide — Kids,1
CEO Has Big Ideas To Grow Company’s Problems,Argentina's President-Elect Inherits Large Economic Problems,1
CEO Has Big Ideas To Grow Company’s Problems,2015 Holiday Gift Ideas and Guide — Travel,1
Man At Bar Clinging To Muted 'King Of Queens' Episode Like Life Preserver,Review: ‘The Man in the High Castle’ Imagines America Ruled by 2 Foreign Powers,1
Man At Bar Clinging To Muted 'King Of Queens' Episode Like Life Preserver,"‘The Knick’ Season 2, Episode 6: A Circus Sideshow",1
Man At Bar Clinging To Muted 'King Of Queens' Episode Like Life Preserver,Roughing It Like a ‘Real Vermonter’,1
Bats Shooed Out Of Nation's Waterslide Tunnels In Preparation For Summer,Test of Will and Patience Follows Days of Preparation for Hillary Clinton,1
Bats Shooed Out Of Nation's Waterslide Tunnels In Preparation For Summer,"Paul Ryan, Weighing Speakership, Puts His House Against the Nation’s",1
Bats Shooed Out Of Nation's Waterslide Tunnels In Preparation For Summer,EU: Opposition in Kosovo Is Blocking Nation's Integration,1
Frustrated NSA Now Forced To Rely On Mass Surveillance Programs That Haven’t Come To Light Yet,NSA to shut down bulk phone surveillance program by Sunday,2
Frustrated NSA Now Forced To Rely On Mass Surveillance Programs That Haven’t Come To Light Yet,Mass Surveillance Isn’t the Answer to Fighting Terrorism,2
Frustrated NSA Now Forced To Rely On Mass Surveillance Programs That Haven’t Come To Light Yet,"In &#8216;Black Mass,&#8217; Whitey Bulger Acquires a Glimmer of Humanity",1
Women Are Way Out Of My League,"Off Broadway, Women Lag in Design Jobs",1
Women Are Way Out Of My League,Browns Find a New Way to Lose,1
Women Are Way Out Of My League,Brazilians Shine in European Champions League,1
Editorial Cartoon: ‘A Charlie Brown Thanks-For-Nothing’,Cartoon: Chappatte on a Paris Under Siege,2
Editorial Cartoon: ‘A Charlie Brown Thanks-For-Nothing’,Cartoon: Chappatte on the Paris Climate Conference,2
Editorial Cartoon: ‘A Charlie Brown Thanks-For-Nothing’,Cartoon: Chappatte on the Paris Climate Talks,2
"Study Links Meat, Sugar Consumption To Early Death Among Those Who Choose To Be Happy In Life",Meat Consumption by the Numbers,2
"Study Links Meat, Sugar Consumption To Early Death Among Those Who Choose To Be Happy In Life",Study Strongly Links Baltimore Mortgage Denials to Race,2
"Study Links Meat, Sugar Consumption To Early Death Among Those Who Choose To Be Happy In Life",Placing a Cap on Americans&#8217; Consumption of Added Sugar,2
Housing Prices Spike As Tech Employee Takes Stroll Through Neighborhood,Grimes Takes Over the Guggenheim,1
Housing Prices Spike As Tech Employee Takes Stroll Through Neighborhood,Horse Park Hosting Southern Lights Stroll,1
Housing Prices Spike As Tech Employee Takes Stroll Through Neighborhood,Obama Administration Plans Forum on High Drug Prices,1
48-Hour Internet Outage Plunges Nation Into Productivity,BNY Mellon's Cost-Cutting Drive Hit by Software Outage,1
48-Hour Internet Outage Plunges Nation Into Productivity,Cary Fukunaga Isn’t Trying to Educate You With ‘Beasts of No Nation’,1
48-Hour Internet Outage Plunges Nation Into Productivity,"Mark Zuckerberg, in India, Defends Facebook&#8217;s Plan to Expand Internet Access",1
Attempts Made To Enjoy Sake,For Variety&#8217;s Sake,1
Attempts Made To Enjoy Sake,"Prince Charles, Camilla enjoy New Zealand Maori welcome",1
Attempts Made To Enjoy Sake,Greek Centrist Open to Pact Even With 'the Devil' for Stability's Sake,1
How Recycling Works,‘The Complete Works of Primo Levi’,1
How Recycling Works,"Merkel, While Refusing to Halt Migrant Influx, Works to Limit It",1
How Recycling Works,Unpublished Charlotte Bront&euml; Works Discovered,1
Lone Man With Six-Pack 'Partying',Review: ‘The Man in the High Castle’ Imagines America Ruled by 2 Foreign Powers,1
Lone Man With Six-Pack 'Partying',"Review: ‘Animals’ Asks When, and If, the Party Has to End",1
Lone Man With Six-Pack 'Partying',New Publisher Named at Wyoming's Lone Statewide Newspaper,1
Man Confidently Hits ‘Send’ On Worst Job Application Company Has Ever Seen,Owner of Rembrandt to Withdraw Export Application,1
Man Confidently Hits ‘Send’ On Worst Job Application Company Has Ever Seen,Ousted Founder of Men’s Wearhouse Watches His Old Company Struggle,1
Man Confidently Hits ‘Send’ On Worst Job Application Company Has Ever Seen,Fresh Corruption Scandal Hits South Korea Football,1
Average Time Spent Being Happy Drops To 13 Seconds Per Day,"Lumet’s ‘Dog Day Afternoon’: Hot Crime, Summer in the City",1
Average Time Spent Being Happy Drops To 13 Seconds Per Day,Cotto Stripped of WBC Title Before Alvarez Pay-Per-View,1
Average Time Spent Being Happy Drops To 13 Seconds Per Day,"Illinois Officer Spent Embezzled Money on Coffee, Movies",1
Devastated Family Struggling To Cope After Losing Everything On DVR,"Smarties, a Halloween Favorite, Maintains a Sweet Family Business",1
Devastated Family Struggling To Cope After Losing Everything On DVR,Mediocre and Losing Teams Are NFL Contenders,1
Devastated Family Struggling To Cope After Losing Everything On DVR,Germany Tightens Asylum Rules to Cope With Refugee Influx,1
Paul Ryan Discovers Half-Finished Escape Tunnel Leading Out Of Speaker’s Office,Afghan Mullah Leading Stoning Inquiry Condones Practice,1
Paul Ryan Discovers Half-Finished Escape Tunnel Leading Out Of Speaker’s Office,Ryan Has 'Resounding' Support Among Republicans for Speaker's Job: Issa,1
Paul Ryan Discovers Half-Finished Escape Tunnel Leading Out Of Speaker’s Office,Hudson Tunnel: Is Oft-Maligned Agency Up to the Challenge?,1
Employee's Multitasking Doesn't Include Work,Turkey's Erdogan Calls for New Constitution to Include More Powerful Presidency,1
Employee's Multitasking Doesn't Include Work,Trading Volatility Doesn’t Faze Morgan Stanley’s Gorman,1
Employee's Multitasking Doesn't Include Work,‘Unskilled’ Work?,1
Horrified Man Looks On Powerlessly As He Ruins Date,Review: ‘The Man in the High Castle’ Imagines America Ruled by 2 Foreign Powers,1
Horrified Man Looks On Powerlessly As He Ruins Date,ISIS Destroys Another Monument at Palmyra Ruins in Syria,1
Horrified Man Looks On Powerlessly As He Ruins Date,Review: TruTV’s ‘Adam Ruins Everything’ Challenges Beliefs About Giving,1
World’s Supercomputers Release Study Confirming They Are Not Powerful Enough,Renault Upgrade Not Powerful Enough for Ricciardo,2
World’s Supercomputers Release Study Confirming They Are Not Powerful Enough,Wall St. bonuses down- study,1
World’s Supercomputers Release Study Confirming They Are Not Powerful Enough,US begins prisoner release,1
"Area Man Too Busy For His Buddy Phil, Eh?",Woman's Death at Cleveland-Area Jail Ruled Accidental,1
"Area Man Too Busy For His Buddy Phil, Eh?",Review: ‘The Man in the High Castle’ Imagines America Ruled by 2 Foreign Powers,1
"Area Man Too Busy For His Buddy Phil, Eh?",Dogs With Busy Social Lives Dress Up for More Than Halloween,1
"Hotel Bar Really Hopping Tonight, Says Hotel Bartender","Hotel and Resort News: City Guides, and Healthier Menus",2
"Hotel Bar Really Hopping Tonight, Says Hotel Bartender","Review: In ‘Hotel Transylvania 2,’ Dracula Yearns for a Little Monster of a Grandson",2
"Hotel Bar Really Hopping Tonight, Says Hotel Bartender",From Hotel to Hospital: The Perils of Reporting in Pakistan,2
Winners And Losers Of Last Night’s Debate,Winners: The Best Parenting Advice in Six Words,1
Winners And Losers Of Last Night’s Debate,Sparks From the Republican Debate,1
Winners And Losers Of Last Night’s Debate,"Column: Still Loveable, Cubs Won't Be Losers for Much Longer",1
Mom Scanning Menu Finds ‘Pan-Seared Diver Scallops’ Faster Than Speed Of Light,Mother: Television’s Favorite Role,1
Mom Scanning Menu Finds ‘Pan-Seared Diver Scallops’ Faster Than Speed Of Light,Body of Abalone Diver Found Along Northern California Coast,1
Mom Scanning Menu Finds ‘Pan-Seared Diver Scallops’ Faster Than Speed Of Light,A Restaurant Where Art is on the Menu,1
Tips For Troubleshooting Your Computer,"Smaller, Faster, Cheaper, Over: The Future of Computer Chips",1
Tips For Troubleshooting Your Computer,Police: Sisters Tried to Strangle Mom With Computer Cords,1
Tips For Troubleshooting Your Computer,Computer Glitch Caused Delays at NY's Kennedy Airport,1
Pros And Cons Of Standardized Testing,Lease a Smartphone or Buy It? The Pros and Cons,2
Pros And Cons Of Standardized Testing,Bleisure: Pros and Cons of Bringing Spouses on Business Trip,2
Pros And Cons Of Standardized Testing,Pros and Cons of Home Devices,2
Dad Navigates Reduced-Rate Travel Websites Like Mozart Composing Symphony,M. T. Anderson’s ‘Symphony for the City of the Dead’,1
Dad Navigates Reduced-Rate Travel Websites Like Mozart Composing Symphony,"Review: Musicians From Marlboro, With Works by Mozart and Fauré",1
Dad Navigates Reduced-Rate Travel Websites Like Mozart Composing Symphony,"Paid Notice: Deaths  KLEIN, STEVEN DEAR DAD",1
Woman Always Dreamed Of Opening Her Own Sparsely Attended Dance Studio,"In Male-Dominated Field of N.F.L. Broadcasts, a Woman Stands Out",1
Woman Always Dreamed Of Opening Her Own Sparsely Attended Dance Studio,A Look Back at the Always Quotable Steve Spurrier,1
Woman Always Dreamed Of Opening Her Own Sparsely Attended Dance Studio,In the Studio With Marques’Almeida,1
New Bar To Feature 'Sports' Theme,"Youth Sports Again Take a Hit, This Time With Real Bullets",1
New Bar To Feature 'Sports' Theme,Review: Aji 10 Latin Cuisine &amp; Pisco Bar in Norwalk,1
New Bar To Feature 'Sports' Theme,Twentieth Century Fox to Open Theme Park in Dubai,1
180 Trillion Leisure Hours Lost To Work Last Year,"Review: ‘Black Work,’ a Mystery and Drama with Sheridan Smith",1
180 Trillion Leisure Hours Lost To Work Last Year,‘Unskilled’ Work?,1
180 Trillion Leisure Hours Lost To Work Last Year,2015 to Be Hottest Year on Record-Until Next Year-WMO,1
Benghazi Committee Instructs Hillary Clinton To Limit Answers To ‘I Failed The American People’,Benghazi Committee Chairman on Emails,2
Benghazi Committee Instructs Hillary Clinton To Limit Answers To ‘I Failed The American People’,Hillary Rodham Clinton on ISIS,2
Benghazi Committee Instructs Hillary Clinton To Limit Answers To ‘I Failed The American People’,Hillary Clinton on Gun Control,2
Area Dad Figures He's Got At Least Three More Months Of Screwing Around Before Son Gains Ability To Form Long-Term Memories ,The World Series: Memories of Moments to Forget,1
Area Dad Figures He's Got At Least Three More Months Of Screwing Around Before Son Gains Ability To Form Long-Term Memories ,Sharapova Surprised by Impressive Form on Latest Comeback,1
Area Dad Figures He's Got At Least Three More Months Of Screwing Around Before Son Gains Ability To Form Long-Term Memories ,"Paid Notice: Deaths  KLEIN, STEVEN DEAR DAD",1
"Study Finds Controlled Washington, D.C. Wildfires Crucial For Restoring Healthy Political Environment","$1,175,000 Homes in Hawaii, Colorado and Washington, D.C.",2
"Study Finds Controlled Washington, D.C. Wildfires Crucial For Restoring Healthy Political Environment",Study Finds Chicago Home to Nation's Worst Bottleneck,2
"Study Finds Controlled Washington, D.C. Wildfires Crucial For Restoring Healthy Political Environment",Thievery Corporation’s Eric Hilton Builds an Empire in D.C.,2
New Anger-Powered Cars May Revolutionize The Way We Drive,"Paid Notice: Deaths  MAY, JOAN OF NEW YORK",2
New Anger-Powered Cars May Revolutionize The Way We Drive,Hyundai Cars Are Recalled Over Faulty Brake Switch,1
New Anger-Powered Cars May Revolutionize The Way We Drive,Retailers may be ok after all,1
Pros And Cons Of Screen Time For Kids,Lease a Smartphone or Buy It? The Pros and Cons,2
Pros And Cons Of Screen Time For Kids,Bleisure: Pros and Cons of Bringing Spouses on Business Trip,2
Pros And Cons Of Screen Time For Kids,Pros and Cons of Home Devices,2
Bartender Going To Pretend That Last Drink Was Supposed To Be Served On Fire,"Review: ‘City on Fire,’ Garth Risk Hallberg’s Novel of New York in the Bad Old Days",1
Bartender Going To Pretend That Last Drink Was Supposed To Be Served On Fire,Elizabeth Tallent’s ‘Mendocino Fire’,1
Bartender Going To Pretend That Last Drink Was Supposed To Be Served On Fire,Meet Val the Bartender: Hillary Clinton Does an 'SNL' Skit,1
83-Year-Old Sneaks Into 65-To-80 Singles Dance,"Review: At Fall for Dance Festival, Female Power",1
83-Year-Old Sneaks Into 65-To-80 Singles Dance,"China's Singles Day, by the Numbers",1
83-Year-Old Sneaks Into 65-To-80 Singles Dance,Alibaba's Singles Day sales surge sixty percent,1
Dressing Up For Going Out,"Tilda Swinton, Olivier Saillard and the Art of Dressing",1
Dressing Up For Going Out,Outgoing Argentine President Says She's Not Going Away,1
Dressing Up For Going Out,"What&#8217;s Going On in This Picture? | Nov. 30, 2015",1
Family Worried Where Grandma Going With Conversation On Low-Income Housing,"Smarties, a Halloween Favorite, Maintains a Sweet Family Business",1
Family Worried Where Grandma Going With Conversation On Low-Income Housing,Feds Worry That Low-Income People May Not Get Hepatitis Cure,1
Family Worried Where Grandma Going With Conversation On Low-Income Housing,Charges Tossed Against Man Accused of Killing Wife's Grandma,1
Campaign Advisors Secretly Enjoying Totally Destroying Marco Rubio During Practice Debates,Marco Rubio on Foreign Policy,2
Campaign Advisors Secretly Enjoying Totally Destroying Marco Rubio During Practice Debates,Marco Rubio Bets the Grand Old Party Is Ready for His Younger Face,2
Campaign Advisors Secretly Enjoying Totally Destroying Marco Rubio During Practice Debates,"New Marco Rubio Backer Bankrolls Ad and Writes It, Too",2
"Handshake Comes In At Unusually High Angle, Velocity",Review: ‘The Man in the High Castle’ Imagines America Ruled by 2 Foreign Powers,1
"Handshake Comes In At Unusually High Angle, Velocity",A Zaha Hadid Design at the High Line,1
"Handshake Comes In At Unusually High Angle, Velocity",Fast Eddie Comes Into His Own at Crunch Time,1
Obama Hosts Diplomatic Talks At Starbucks While Oval Office Carpet Cleaned,Hollande Opens Diplomatic Push in Anti-IS Fight in Syria,1
Obama Hosts Diplomatic Talks At Starbucks While Oval Office Carpet Cleaned,Amnesty: Shell Has Not Cleaned Up Oil Spills in Nigeria,1
Obama Hosts Diplomatic Talks At Starbucks While Oval Office Carpet Cleaned,"Citing Climate Change, Obama Rejects Construction of Keystone XL Oil Pipeline",1
"Temp Hides Fun, Fulfilling Life From Rest Of Office",1940: Coventry Lays Dead to Rest,1
"Temp Hides Fun, Fulfilling Life From Rest Of Office",Federal Investigators Probe Busy Court Clerk's Office,1
"Temp Hides Fun, Fulfilling Life From Rest Of Office",Euro zone see-saw offers little fun,1
"Bar Has Loud, Overcrowded Section Upstairs Too","Review: Robin Rhode Takes Schoenberg’s ‘Erwartung’ to the Street (Broadway, No Less)",1
"Bar Has Loud, Overcrowded Section Upstairs Too","Review: At PeraBell Food Bar, a Menu That Spans the Globe",1
"Bar Has Loud, Overcrowded Section Upstairs Too",Sacramento OKs Ban of Loud or Sleeping People From Buses and Trains,1
How Twitter Is Trying To Retain Users,Williams Retain Bottas and Massa for 2016,1
How Twitter Is Trying To Retain Users,Twitter’s ‘Moments’ Will Try to Tame the Chaos,1
How Twitter Is Trying To Retain Users,Clinton on Prison Time for Cocaine Users,1
Rand Paul Escorted Off Stage After Falling Below 2.5% In Middle Of Debate,Former Aide to Rand Paul Is Acquitted of Lying to F.B.I.,2
Rand Paul Escorted Off Stage After Falling Below 2.5% In Middle Of Debate,The Second Democratic Presidential Debate,1
Rand Paul Escorted Off Stage After Falling Below 2.5% In Middle Of Debate,"Corporate America's Problem: Falling Profit, Revenue",1
New High-Viscosity Mayonnaise To Aid In American Swallowing,"‘The New Tsar: The Rise and Reign of Vladimir Putin,’ by Steven Lee Myers",1
New High-Viscosity Mayonnaise To Aid In American Swallowing,"Review: In Miranda July’s ‘New Society,’ the Audience Makes the Show ",1
New High-Viscosity Mayonnaise To Aid In American Swallowing,Rite Aid and Walgreens in Murky Deal to Clear Antitrust Hurdle,1
"New Device Desirable, Old Device Undesirable","Explosive Device Goes Off Near Bosnian Army Chief's Car, No One Hurt",2
"New Device Desirable, Old Device Undesirable",Bosnia: Explosive Device Thrown at Police Station,2
"New Device Desirable, Old Device Undesirable",Volkswagen to Recall Cars With Cheating Device: Italian Government,2
29-Year-Old Has Been Going To Different Friend's Wedding Every Weekend For Past 3 Years,Seeing 3-D Cinema From the Stereoblind Perspective,1
29-Year-Old Has Been Going To Different Friend's Wedding Every Weekend For Past 3 Years,Blue Jays' Last Postseason Appearance Was in a Different Era,1
29-Year-Old Has Been Going To Different Friend's Wedding Every Weekend For Past 3 Years,There's a Holiday Gift to Make Every TV Fan Happy,1
Government To Confiscate One Person’s Guns Just To Make Rest Of Them Squirm,1940: Coventry Lays Dead to Rest,1
Government To Confiscate One Person’s Guns Just To Make Rest Of Them Squirm,"Trump: ""Nobody had guns but the bad guys, nobody""",1
Government To Confiscate One Person’s Guns Just To Make Rest Of Them Squirm,Packing Guns in the Day Care Center,1
Woman At Supermarket Imagines Entire Narrative Where Bagger Is Happy With Life,"In Male-Dominated Field of N.F.L. Broadcasts, a Woman Stands Out",1
Woman At Supermarket Imagines Entire Narrative Where Bagger Is Happy With Life,Woman Pleads Guilty to Killing Stranger in Supermarket,1
Woman At Supermarket Imagines Entire Narrative Where Bagger Is Happy With Life,Review: ‘The Man in the High Castle’ Imagines America Ruled by 2 Foreign Powers,1
Fact-Checking Ben Carson’s Claims,ISIS Claims It Struck Police in Bangladesh,1
Fact-Checking Ben Carson’s Claims,Rivals Unmoved by Carson's Complaints on Scrutiny of His Bio,1
Fact-Checking Ben Carson’s Claims,"Donald Trump Questions Ben Carson’s Honesty, Despite Own Record",1
"100 Crowded, Expensive Bars","China Bars Anastasia Lin, Miss World Canada (and Rights Advocate)",1
"100 Crowded, Expensive Bars",$100 Million in Grants Announced for Indiana Culture,1
"100 Crowded, Expensive Bars",Nestle Aims at Crowded U.S. Market With New Nespresso Plant,1
"Guy At Bar Had Similar Experience, But Better","World Cup Injury Rates Similar to Past, Say Organisers",1
"Guy At Bar Had Similar Experience, But Better","For Donald Trump, Experience Suddenly Matters",1
"Guy At Bar Had Similar Experience, But Better",Confident Coutinho Pushing Himself to Become Even Better,1
Man Appalled At Date Who Lied Slightly More Than Him On Online Dating Profile,Clinton 'Appalled' by Muslim Comment at Trump Campaign Event,1
Man Appalled At Date Who Lied Slightly More Than Him On Online Dating Profile,Review: ‘The Man in the High Castle’ Imagines America Ruled by 2 Foreign Powers,1
Man Appalled At Date Who Lied Slightly More Than Him On Online Dating Profile,Exxon Mobil Investigated for Possible Climate Change Lies by New York Attorney General,1
Poll Finds 23% Of Americans Would Vote For Jeb Bush If Candidate Standing Right Next To Them In Voting Booth,Jeb Bush Wants Coalition to Fight ISIS,2
Poll Finds 23% Of Americans Would Vote For Jeb Bush If Candidate Standing Right Next To Them In Voting Booth,A New Slogan for Jeb Bush,2
Poll Finds 23% Of Americans Would Vote For Jeb Bush If Candidate Standing Right Next To Them In Voting Booth,Jeb Bush Cites Paris Attacks in Calling for Stronger Military,2
Congress Members Spend Afternoon Drawing Pictures Of Their Dream Capitols,"Meetings, and Morning Workouts, With Members of Congress",2
Congress Members Spend Afternoon Drawing Pictures Of Their Dream Capitols,"To Weld, Perchance, to Dream",1
Congress Members Spend Afternoon Drawing Pictures Of Their Dream Capitols,"Lumet’s ‘Dog Day Afternoon’: Hot Crime, Summer in the City",1
Man Overjoyed He No Longer Has To Purchase Entire Day’s Worth Of Egg McMuffins In Morning,"Black Friday Just a Day This Year, No Longer a Bellwether",1
Man Overjoyed He No Longer Has To Purchase Entire Day’s Worth Of Egg McMuffins In Morning,Review: ‘The Man in the High Castle’ Imagines America Ruled by 2 Foreign Powers,1
Man Overjoyed He No Longer Has To Purchase Entire Day’s Worth Of Egg McMuffins In Morning,"Ann Dowd, a Late Arrival Worth the Wait",1
Group Of Friends Chanting ‘Shots’ Make Compelling Point,Officer Says He Told Boy to Show Hands Before Fatal Shots,1
Group Of Friends Chanting ‘Shots’ Make Compelling Point,Missed Shots by Paul Millsap Seal a Win for the Jazz,1
Group Of Friends Chanting ‘Shots’ Make Compelling Point,ON THE TEE: Most Compelling Race in Boston at the Bottom,1
Blind Date Pronounces Every Syllable Of Word 'Comfortable',France-England Game Is a Friendly in Every Sense of the Word,1
Blind Date Pronounces Every Syllable Of Word 'Comfortable',"In 5 Minutes, He Lets the Blind See",1
Blind Date Pronounces Every Syllable Of Word 'Comfortable',There's a Holiday Gift to Make Every TV Fan Happy,1
Study: Average Father Thinks About Sealing In Meat’s Juices 4 To 5 Hours A Day,5 Things to Know About Myanmar,1
Study: Average Father Thinks About Sealing In Meat’s Juices 4 To 5 Hours A Day,"Migrants Cling to Hungarian Train West, Lawmakers Debate Sealing Border",1
Study: Average Father Thinks About Sealing In Meat’s Juices 4 To 5 Hours A Day,Wall St. bonuses down- study,1
Man On Date Ready For Question About Siblings This Time,Nations Face Tough Question: Who Are Syria's Terrorists?,1
Man On Date Ready For Question About Siblings This Time,Review: ‘The Man in the High Castle’ Imagines America Ruled by 2 Foreign Powers,1
Man On Date Ready For Question About Siblings This Time,Review: ‘A Journey Through Time With Anthony’ Adapts a Chinese Young-Adult Novel,1
Lindsey Graham Gazes Longingly At Happy Rubio Campaign Workers Through Window,Lindsey Graham Questions the &lsquo;Severed Arm&rsquo; of the Massachusetts Flag,2
Lindsey Graham Gazes Longingly At Happy Rubio Campaign Workers Through Window,"Lindsey Graham to Make His Voice Heard During Debate, on Social Media",2
Lindsey Graham Gazes Longingly At Happy Rubio Campaign Workers Through Window,Flooding in South Carolina Challenges Lindsey Graham and Others,2
Carly Fiorina Shares Heartbreaking Story About Father Of 3 Who Couldn’t Meet Sales Goals,"For Carly Fiorina, Peripatetic Childhood Helped Build Worldview",2
Carly Fiorina Shares Heartbreaking Story About Father Of 3 Who Couldn’t Meet Sales Goals,Carly Fiorina Goes Medieval,2
Carly Fiorina Shares Heartbreaking Story About Father Of 3 Who Couldn’t Meet Sales Goals,Hillary Clinton Is Criticized for Not Condemning Man&#8217;s Talk of Strangling Carly Fiorina,2
Slow-Thinking Bystander Weighing Pros And Cons Of Pulling Man Out Of River,Lease a Smartphone or Buy It? The Pros and Cons,2
Slow-Thinking Bystander Weighing Pros And Cons Of Pulling Man Out Of River,Bleisure: Pros and Cons of Bringing Spouses on Business Trip,2
Slow-Thinking Bystander Weighing Pros And Cons Of Pulling Man Out Of River,Pros and Cons of Home Devices,2
Would You Care To Join Me For An Unbelievably Awkward Dinner Sometime?,Rise in Early Cervical Cancer Detection Is Linked to Affordable Care Act,1
Would You Care To Join Me For An Unbelievably Awkward Dinner Sometime?,Clinton on Health Care and Gun Violence,1
Would You Care To Join Me For An Unbelievably Awkward Dinner Sometime?,"Saeed Jaffrey, Actor in &#8216;Gandhi&#8217; and &#8216;The Man Who Would Be King,&#8217; Dies at 86",1
Weary Nation Says One Or Two More Divisive Issues Should Finish It Off,Tight Finish in Distaff,1
Weary Nation Says One Or Two More Divisive Issues Should Finish It Off,Cary Fukunaga Isn’t Trying to Educate You With ‘Beasts of No Nation’,1
Weary Nation Says One Or Two More Divisive Issues Should Finish It Off,Best Buy issues weak outlook,1
Buying Someone A Drink,"For China, Migrant Crisis Is Someone Else&#8217;s Fault, and Responsibility",1
Buying Someone A Drink,Player of the Year? Someone With the Initial &#8216;J.&#8217;,1
Buying Someone A Drink,"Nocino, an Italian Walnut Liqueur, Is Also Made in America",1
Man Waiting Until Parents Die Before Doing A Single Thing That Makes Him Happy,Review: ‘The Man in the High Castle’ Imagines America Ruled by 2 Foreign Powers,1
Man Waiting Until Parents Die Before Doing A Single Thing That Makes Him Happy,‘Happy Purim’,1
Man Waiting Until Parents Die Before Doing A Single Thing That Makes Him Happy,"For the Author Lauren Redniss, No Such Thing as Bad Weather ",1
What To Do With Your Old Computer,Computer Glitch Caused Delays at NY's Kennedy Airport,1
What To Do With Your Old Computer,"Clive Owen, Suave and Roguish, on Making His Broadway Debut in ‘Old Times’",1
What To Do With Your Old Computer,New Ralph Lauren Chief Revived Old Navy After Successes at H&amp;M,1
Area Father Beginning To Suspect 3-Year-Old A Real Ding-Dong,Woman's Death at Cleveland-Area Jail Ruled Accidental,1
Area Father Beginning To Suspect 3-Year-Old A Real Ding-Dong,Harlem Shooting Suspect in Handcuffs,1
Area Father Beginning To Suspect 3-Year-Old A Real Ding-Dong,The Latest: Friday's Protest to Target Main Shopping Area,1
Friendship Moving Way Too Fast,Fast-Breaking Celtics Surge Past Slumping Rockets,1
Friendship Moving Way Too Fast,‘The Social Sex: A History of Female Friendship’,1
Friendship Moving Way Too Fast,Browns Find a New Way to Lose,1
Weird Wooden Chair Pressed Into Service For Thanksgiving,Fed Chair Yellen Defends Fed's Low-Rate Policies,1
Weird Wooden Chair Pressed Into Service For Thanksgiving,Florida Death Row Inmate Demanding the Electric Chair,1
Weird Wooden Chair Pressed Into Service For Thanksgiving,Cardinal Unveils Chair for Pope Francis,1
Tips For Conquering Phobias,Nadal Happy Again After Conquering His Emotions,1
Tips For Conquering Phobias,Philippine Website to Seek Tips on Missing Marcos Paintings,1
Tips For Conquering Phobias,3 Tips on What to Wear This Holiday ­Season,1
I'm Not One Of Those People Who Goes Around Having Fun,Hamilton Just Wants to Have Fun Now,1
I'm Not One Of Those People Who Goes Around Having Fun,Dealing With Playground Noise,1
I'm Not One Of Those People Who Goes Around Having Fun,"I'm Back in the Top League, Declares Nadal",1
Local Household Announces Plans To Overdo Halloween Again,China Plans to Double Size of Economy,1
Local Household Announces Plans To Overdo Halloween Again,"More Kids Kept Safe From Household Medicines, ER Trend Says",1
Local Household Announces Plans To Overdo Halloween Again,Mark Zuckerberg Plans 2-Month Paternity Leave From Facebook,1
NASA Asks Public To Vote On New Spacesuit,NASA reveals more Pluto and moon pix,1
NASA Asks Public To Vote On New Spacesuit,"‘The New Tsar: The Rise and Reign of Vladimir Putin,’ by Steven Lee Myers",1
NASA Asks Public To Vote On New Spacesuit,"Review: In Miranda July’s ‘New Society,’ the Audience Makes the Show ",1
Economists Warn New Graduates May Have To Tough It Out For 5 To 6 Weeks Before Landing Dream Job,"Paid Notice: Deaths  MAY, JOAN OF NEW YORK",2
Economists Warn New Graduates May Have To Tough It Out For 5 To 6 Weeks Before Landing Dream Job,5 Things to Know About Myanmar,1
Economists Warn New Graduates May Have To Tough It Out For 5 To 6 Weeks Before Landing Dream Job,An Artist and a Poet on the Dream of Immortality,1
The Next Day,Review: Tito Jackson’s Sons on ‘The Jacksons: Next Generation’,1
The Next Day,The Next Resource Shortage?,1
The Next Day,"Jason Day Holds On to Win, and Grabs Top Ranking",1
Scientists Posit Theoretical ‘Productive Weekend’,The Mad Scientists of Levi’s,1
Scientists Posit Theoretical ‘Productive Weekend’,"Scientists Tracking Rain, Snow in Soggy Washington State",1
Scientists Posit Theoretical ‘Productive Weekend’,Prince George's Future Face Predicted by Scientists,1
Man’s Body Running Out Of Ideas To Convince Him He Full,2015 Holiday Gift Ideas and Guide — Kids,1
Man’s Body Running Out Of Ideas To Convince Him He Full,"At Smaller Schools, Reluctance to Pay Full Cost for Athletes",1
Man’s Body Running Out Of Ideas To Convince Him He Full,Britvic Expects Full-Year 2016 Profit Growth,1
Carly Fiorina Promises To Fight For Whoever Everyday Americans Are,"For Carly Fiorina, Peripatetic Childhood Helped Build Worldview",2
Carly Fiorina Promises To Fight For Whoever Everyday Americans Are,Carly Fiorina Goes Medieval,2
Carly Fiorina Promises To Fight For Whoever Everyday Americans Are,Hillary Clinton Is Criticized for Not Condemning Man&#8217;s Talk of Strangling Carly Fiorina,2
Street Musician's Mother Really On His Case About Practicing His Buckets,A Mother-Daughter Operation at Mamagyro,1
Street Musician's Mother Really On His Case About Practicing His Buckets,How Many Lanes Do the Republicans Really Have?,1
Street Musician's Mother Really On His Case About Practicing His Buckets,"Mother, Boyfriend Charged in Death of Toddler Burned in Oven",1
Ice Cream Truck Driver Going To Let These Kids Sweat A Little Bit Before Stopping,Police: Truck Driver Killed in Crash With Amtrak Train,2
Ice Cream Truck Driver Going To Let These Kids Sweat A Little Bit Before Stopping,Dad&#8217;s Last Ice Cream,2
Ice Cream Truck Driver Going To Let These Kids Sweat A Little Bit Before Stopping,2015 Holiday Gift Ideas and Guide — Kids,1
Report: Only Predictor Of Happy Marriage Is If Husband Ever Won Wife Big Stuffed Animal At Amusement Park,Babies top the week's animal stories,1
Report: Only Predictor Of Happy Marriage Is If Husband Ever Won Wife Big Stuffed Animal At Amusement Park,Vegetarian Thanksgiving: Stuffed Portobello Mushrooms,1
Report: Only Predictor Of Happy Marriage Is If Husband Ever Won Wife Big Stuffed Animal At Amusement Park,"Playful Animal Sculptures, Inspired by Art History",1
"Tech Is The Future, Reports Local Dad",ConAgra Reports $1.2 Billion Quarterly Loss as Overhaul Continues,1
"Tech Is The Future, Reports Local Dad",Why Government and Tech Can't Agree About Encryption,1
"Tech Is The Future, Reports Local Dad",Benitez Dismisses Reports of Spat With Rodriguez,1
Father Apologizes For Taking Out Anger On Wrong Son,Nicklaus to Return to Father-Son Challenge,2
Father Apologizes For Taking Out Anger On Wrong Son,Taking on the Superbugs,1
Father Apologizes For Taking Out Anger On Wrong Son,"Challenged by Bullies, but Channeling the Anger",1
Nation Figured Everything Would Run On Some Kind Of Cubes Of Blue Energy By Now,Celtics Run Away From Wizards 111-78,1
Nation Figured Everything Would Run On Some Kind Of Cubes Of Blue Energy By Now,"‘A Nation of Nations,’ by Tom Gjelten",1
Nation Figured Everything Would Run On Some Kind Of Cubes Of Blue Energy By Now,Cary Fukunaga Isn’t Trying to Educate You With ‘Beasts of No Nation’,1
Study Finds Expressing Anger In Unhealthy Ways Incredibly Satisfying,Study Finds Chicago Home to Nation's Worst Bottleneck,2
Study Finds Expressing Anger In Unhealthy Ways Incredibly Satisfying,5 Ways to Save on Holiday Airfare,1
Study Finds Expressing Anger In Unhealthy Ways Incredibly Satisfying,Wall St. bonuses down- study,1
"Study: Shoving, Yelling Makes Things Go Faster 76% Of Time",Colorado Man Guilty of Shoving Wife to Death in National Park,1
"Study: Shoving, Yelling Makes Things Go Faster 76% Of Time",Carrie Brownstein’s ‘Hunger Makes Me a Modern Girl’,1
"Study: Shoving, Yelling Makes Things Go Faster 76% Of Time",Wall St. bonuses down- study,1
Area Man Lies Awake At Night Worrying About Toner Cartridges,Woman's Death at Cleveland-Area Jail Ruled Accidental,1
Area Man Lies Awake At Night Worrying About Toner Cartridges,Review: ‘The Man in the High Castle’ Imagines America Ruled by 2 Foreign Powers,1
Area Man Lies Awake At Night Worrying About Toner Cartridges,"Review: In ‘Labyrinth of Lies,’ the Frankfurt Auschwitz Trials Break a Conspiracy of Silence",1
"Report: Dad Proud Of You; He Won't Say It, But It's True",True Love,1
"Report: Dad Proud Of You; He Won't Say It, But It's True","For True Freedom, Learn to Deal With Uncertainty",1
"Report: Dad Proud Of You; He Won't Say It, But It's True","Paid Notice: Deaths  KLEIN, STEVEN DEAR DAD",1
Siblings Gather Around PowerPoint To Hash Out Off-Limits Topics For Thanksgiving,Many Topics Off Limits at Reunions for Koreans Divided by War,2
Siblings Gather Around PowerPoint To Hash Out Off-Limits Topics For Thanksgiving,Georgia Trooper Cares for 4 Siblings After Halloween Tragedy,1
Siblings Gather Around PowerPoint To Hash Out Off-Limits Topics For Thanksgiving,Leaders Gather to Talk about Migrants,1
College Senior Already Has Grueling 14-Month Employment Search Lined Up After Graduation,Online Support Grows for Missing Maryland College Student,1
College Senior Already Has Grueling 14-Month Employment Search Lined Up After Graduation,"Amazon Posts an Unexpected Profit, and Its Shares Soar",1
College Senior Already Has Grueling 14-Month Employment Search Lined Up After Graduation,Deaths Draw Attention to Wall Street’s Grueling Pace,1
Thanksgiving By The Numbers,Freeing Thanksgiving From My Family,1
Thanksgiving By The Numbers,Thanksgiving for All,1
Thanksgiving By The Numbers,Valeant Shows the Perils of Fantasy Numbers,1
Grown Adult Actually Expects To Be Happy,Kane Expects England Improvement for France Friendly,1
Grown Adult Actually Expects To Be Happy,Actually Existing Hillary,1
Grown Adult Actually Expects To Be Happy,Fed Official Expects Test for Big Banks to Be Stricter,1
Bar Patrons Dismayed By Sight Of Band Setting Up,Record Setting Quarter for Aerospace and Defence M&A-Report,1
Bar Patrons Dismayed By Sight Of Band Setting Up,They’re With the Band,1
Bar Patrons Dismayed By Sight Of Band Setting Up,"Review: At PeraBell Food Bar, a Menu That Spans the Globe",1
First Date In Six Months To Be Last Date In Six Years,Match Shares Gain on Their Debut,2
First Date In Six Months To Be Last Date In Six Years,Six New Bridal Trends,2
First Date In Six Months To Be Last Date In Six Years,Canadiens' Price Out at Least Six Weeks With Injury,2
Area Man Still Talking About Crazy Productive Afternoon 4 Months Ago,Belles Are Still Ringing,1
Area Man Still Talking About Crazy Productive Afternoon 4 Months Ago,"Lumet’s ‘Dog Day Afternoon’: Hot Crime, Summer in the City",1
Area Man Still Talking About Crazy Productive Afternoon 4 Months Ago,Crash Kills 4 on Helicopter at Fort Hood,1
Thousands Of High-School Sweethearts Prepare For Post-Graduation Breakup,Thousands in Turkey Attend Funeral of Human Rights Lawyer,1
Thousands Of High-School Sweethearts Prepare For Post-Graduation Breakup,Thousands Stage Anti-Govt Protest in Moldova,1
Thousands Of High-School Sweethearts Prepare For Post-Graduation Breakup,High School Football’s Friday Night Bloat,1
After-Bar Activities,U.N. Nuclear Watchdog Sends Iran Questions on Past Activities,1
After-Bar Activities,Jewish Activists Step Up Activities at Sensitive Holy Site,1
After-Bar Activities,"Some Entrances, Exits to New York Bus Terminal Briefly Closed Due to 'Police Activities'",1
Wealthiest Americans Ominously Remind Nation They Could Easily Drop Another $10 Billion On Election,Asian-Americans and Stereotypes,1
Wealthiest Americans Ominously Remind Nation They Could Easily Drop Another $10 Billion On Election,Updating Windows 10,1
Wealthiest Americans Ominously Remind Nation They Could Easily Drop Another $10 Billion On Election,Jeb Bush’s Tax Plan Is a Large Tax Cut for the Wealthiest,1
Police Satisfied After Drunk Man Assures Them There’s No Problem,Wallabies Not Satisfied Just by Making World Cup Final,1
Police Satisfied After Drunk Man Assures Them There’s No Problem,There's a Holiday Gift to Make Every TV Fan Happy,1
Police Satisfied After Drunk Man Assures Them There’s No Problem,Bishop Who Killed Cyclist While Driving Drunk Gets 7 Years,1
Double-Jointed Man On Date Breaks It Out Too Early,Rise in Early Cervical Cancer Detection Is Linked to Affordable Care Act,1
Double-Jointed Man On Date Breaks It Out Too Early,Review: ‘The Man in the High Castle’ Imagines America Ruled by 2 Foreign Powers,1
Double-Jointed Man On Date Breaks It Out Too Early,Amazon starts Black Friday early,1
Report: None Of Good Cousins Coming To Thanksgiving This Year,"U.S. Fed Buys $6.2 Billion of Mortgage Bonds, Sells None",1
Report: None Of Good Cousins Coming To Thanksgiving This Year,A Year Without Tamir,1
Report: None Of Good Cousins Coming To Thanksgiving This Year,"Review: Aziz Ansari, in ‘Master of None,’ Negotiates Technology and Social Mores",1
Study: Employees Happiest When Pretending To Work From Home,"Shelter Doesn't Want Muslim Employees, Jeopardizing Funding",1
Study: Employees Happiest When Pretending To Work From Home,Wall St. bonuses down- study,1
Study: Employees Happiest When Pretending To Work From Home,‘Unskilled’ Work?,1
Chinese Employers To Grant 15-Minute Maternity Break,"French Employers' Group, Newspaper, Warn Against Far-Right Vote",1
Chinese Employers To Grant 15-Minute Maternity Break,Wealthy and Homeless Set to Break Bread at Manhattan Church,1
Chinese Employers To Grant 15-Minute Maternity Break,"Number of Open Jobs Surges, but Employers Are Hiring Less",1
Everything Taking Too Long,Taking on the Superbugs,1
Everything Taking Too Long,Obama: U.S. will continue to do everything to defend itself,1
Everything Taking Too Long,Exploring Beth Levine&#8217;s High-Fashion Footwear at the Long Island Museum,1
All Of Child’s Fondest Memories Times When Dad Trying To Make Up For Things,The World Series: Memories of Moments to Forget,1
All Of Child’s Fondest Memories Times When Dad Trying To Make Up For Things,"Paid Notice: Deaths  KLEIN, STEVEN DEAR DAD",1
All Of Child’s Fondest Memories Times When Dad Trying To Make Up For Things,"For Readers of The Times, a Preference for Keeping Liberties in Days of Terror",1
Socialism Vs. Capitalism,Cruz vs. Rubio: The Overture,1
Socialism Vs. Capitalism,Democratic Socialism Will Be Topic of Bernie Sanders Speech at Georgetown,1
Socialism Vs. Capitalism,Viewers' Guide: Substance vs. Personalities as Stakes Grow,1
Report: One In Three Americans Will Get Dessert If Someone Else Does,Three dead in Colorado shooting,1
Report: One In Three Americans Will Get Dessert If Someone Else Does,Asian-Americans and Stereotypes,1
Report: One In Three Americans Will Get Dessert If Someone Else Does,"Review: In ‘Creed,’ Rocky’s Back, as a Mentor, Not a Fighter",1
Top Issues For Voters In The 2016 Election,Fact Checks of the 2016 Election,2
Top Issues For Voters In The 2016 Election,Clinton Presses Venezuela to Uphold Will of Voters,1
Top Issues For Voters In The 2016 Election,Best Buy issues weak outlook,1
International Space Station To Get Espresso Machine,Senate Confirmation Vote Set for International Development Post,1
International Space Station To Get Espresso Machine,"$1 Million Homes in Kentucky, New Mexico and Atlanta",1
International Space Station To Get Espresso Machine,"$1,460,000 Homes in Los Angeles, Washington State and Maryland",1
Club Has Big Hit With Closed-Mic Night,Rolls Royce hit by Asia turbulence,1
Club Has Big Hit With Closed-Mic Night,Jockeys Return to ‘21’ Club in Manhattan After a Summer Break,1
Club Has Big Hit With Closed-Mic Night,Review: Hillary Clinton on ‘Saturday Night Live’,1
Local Man Ruins Date By Just Being Himself,Review: ‘The Man in the High Castle’ Imagines America Ruled by 2 Foreign Powers,1
Local Man Ruins Date By Just Being Himself,ISIS Destroys Another Monument at Palmyra Ruins in Syria,1
Local Man Ruins Date By Just Being Himself,Review: TruTV’s ‘Adam Ruins Everything’ Challenges Beliefs About Giving,1
Getting Everyone Together,"Chelsea Getting Their Confidence Back, Says Azpilicueta",1
Getting Everyone Together,Halep and Sharapova Drawn Together at WTA Finals,1
Getting Everyone Together,House hunting getting tougher,1
"World's 467,357th-Ranked Tennis Player Working On Serving Overhand",David Haggerty of U.S. Will Lead International Tennis Federation,1
"World's 467,357th-Ranked Tennis Player Working On Serving Overhand",Italian Doctor Working for Children's Charity Killed in Kenya,1
"World's 467,357th-Ranked Tennis Player Working On Serving Overhand","Celebrating Bud Collins, a Tennis Treasure Told in Words and Pants",1
How To Avoid Distraction While Working Online,Italian Doctor Working for Children's Charity Killed in Kenya,1
How To Avoid Distraction While Working Online,Online Polls Are Rising. So Are Concerns About Their Results.,1
How To Avoid Distraction While Working Online,Foreign-Based Players No Distraction for Armitage,1
Recent Graduate Figures She Might As Well Do Good In World Until Economy Picks Up,"China Bars Anastasia Lin, Miss World Canada (and Rights Advocate)",1
Recent Graduate Figures She Might As Well Do Good In World Until Economy Picks Up,China’s Slowing Economy,1
Recent Graduate Figures She Might As Well Do Good In World Until Economy Picks Up,Who’s Running China’s Economy?,1
Majority Whip Displays Impaled Senator Outside Capitol Building As Warning To All Who Cross Party Lines,How Donald Trump Leverages America’s Fault Lines,1
Majority Whip Displays Impaled Senator Outside Capitol Building As Warning To All Who Cross Party Lines,Mr. Party Crasher,1
Majority Whip Displays Impaled Senator Outside Capitol Building As Warning To All Who Cross Party Lines,Man Who Landed Gyrocopter at Capitol Pleads Guilty,1
"Scientists Find Link Between How Pathetic You Are, How Fast You Respond To Emails",Scientists Link Moon’s Tilt and Earth’s Gold,2
"Scientists Find Link Between How Pathetic You Are, How Fast You Respond To Emails",The Link Between Parenting and Leadership,1
"Scientists Find Link Between How Pathetic You Are, How Fast You Respond To Emails",Fast-Breaking Celtics Surge Past Slumping Rockets,1
Dad Way Scarier When Controlling Temper,"Paid Notice: Deaths  KLEIN, STEVEN DEAR DAD",1
Dad Way Scarier When Controlling Temper,Egypt's Military Controlling Repatriation of Russian Passengers-Russian Deputy PM,1
Dad Way Scarier When Controlling Temper,Browns Find a New Way to Lose,1
Study: Technology Making It Easier For Mankind To Get More Annoyed Than Ever,Wall St. bonuses down- study,1
Study: Technology Making It Easier For Mankind To Get More Annoyed Than Ever,Rail Industry Had Safety Technology Decades Ago,1
Study: Technology Making It Easier For Mankind To Get More Annoyed Than Ever,Making Merry With Music,1
BREAKING: Sprinting College Student Might Actually Have Chance At Getting Frisbee,Fast-Breaking Celtics Surge Past Slumping Rockets,1
BREAKING: Sprinting College Student Might Actually Have Chance At Getting Frisbee,Online Support Grows for Missing Maryland College Student,1
BREAKING: Sprinting College Student Might Actually Have Chance At Getting Frisbee,Ex-Student Charged With Killing Student on College Campus,1
Bartender Hurt By Unfinished Drink,"Shelf, iPad, Bed Table: Unfinished Reading, October 2015",1
Bartender Hurt By Unfinished Drink,Meet Val the Bartender: Hillary Clinton Does an 'SNL' Skit,1
Bartender Hurt By Unfinished Drink,"Nocino, an Italian Walnut Liqueur, Is Also Made in America",1
Man Carefully Selects T-Shirt For Night Out,Review: ‘The Man in the High Castle’ Imagines America Ruled by 2 Foreign Powers,1
Man Carefully Selects T-Shirt For Night Out,Military Selects Rarely Used Charge for Bergdahl Case,1
Man Carefully Selects T-Shirt For Night Out,Vendor on Army Post Told to Stop Selling Anti-Islam T-Shirt,1
The Onion's Comprehensive Guide To Thanksgiving,2015 Holiday Gift Ideas and Guide — Kids,1
The Onion's Comprehensive Guide To Thanksgiving,Freeing Thanksgiving From My Family,1
The Onion's Comprehensive Guide To Thanksgiving,2015 Holiday Gift Ideas and Guide — Travel,1
Americans Enjoying Thanksgiving Tradition Of Sitting Around At Airport,Asian-Americans and Stereotypes,1
Americans Enjoying Thanksgiving Tradition Of Sitting Around At Airport,"At New York Apple Orchards, an Autumn Tradition Strays From Its Core",1
Americans Enjoying Thanksgiving Tradition Of Sitting Around At Airport,An Airport Survival Guide for Thanksgiving Travel,1
GOP Warns Refugees Likely To Be Driven To Terrorism By Way America Would Treat Them,Red Tape Slows U.S. Help for Children Fleeing Central America,1
GOP Warns Refugees Likely To Be Driven To Terrorism By Way America Would Treat Them,"Portugal's Socialist PM Sworn in, President Warns on Budget",1
GOP Warns Refugees Likely To Be Driven To Terrorism By Way America Would Treat Them,"Saeed Jaffrey, Actor in &#8216;Gandhi&#8217; and &#8216;The Man Who Would Be King,&#8217; Dies at 86",1
45 More Legislators Lose Jobs To Increased Congressional Automation,Automation Will Change Jobs More Than Kill Them,2
45 More Legislators Lose Jobs To Increased Congressional Automation,Manziel Struggles as Browns Lose to Bengals,1
45 More Legislators Lose Jobs To Increased Congressional Automation,Yellen Speaks to Legislators,1
Cocktail Party Gets As Wild As It's Going To Get,The Mexican Bulldog Lets the Mixing Take Place as You Sip,1
Cocktail Party Gets As Wild As It's Going To Get,"$800,000 Homes in Chicago, New Orleans and Pennsylvania",1
Cocktail Party Gets As Wild As It's Going To Get,Planned Parenthood Shooting: Domestic Terrorism? It's Knotty,1
Paul Ryan Awaiting SoulCycle Instructor’s Approval Before Accepting Speaker Role,House Speaker Candidate Webster to Stay in Race for Speaker,1
Paul Ryan Awaiting SoulCycle Instructor’s Approval Before Accepting Speaker Role,Israel Suspends EU Role in Peace Process With Palestinians,1
Paul Ryan Awaiting SoulCycle Instructor’s Approval Before Accepting Speaker Role,"Paid Notice: Deaths  SARGEANT, PAUL",1
Jimmy Buffett Pays For Own Drink For First Time In 17 Years,Correction: Jimmy Buffett-Margaritaville Resort Story,2
Jimmy Buffett Pays For Own Drink For First Time In 17 Years,First Draft Focus: The Week in Political Pictures,1
Jimmy Buffett Pays For Own Drink For First Time In 17 Years,Abercrombie Cuts Back on Sales and It Pays Off in 3Q,1
BREAKING: Dogs Running,Fast-Breaking Celtics Surge Past Slumping Rockets,1
BREAKING: Dogs Running,Who’s Running China’s Economy?,1
BREAKING: Dogs Running,Red Bull Nearly Running on Empty,1
Preparing For Your Night Out,Review: Naomi Wallace’s ‘Night Is a Room’ Unfurls a Complex Reunion,1
Preparing For Your Night Out,German Prosecutors Charge Suspected Islamist for Preparing Bombing,1
Preparing For Your Night Out,Dennis Preparing 'Giant Step' for McLaren Group,1
Tense Party Enters Third Hour Of Unplayed Acoustic Guitar Leaning Against Wall,Panettiere Enters Treatment for Postpartum Depression,1
Tense Party Enters Third Hour Of Unplayed Acoustic Guitar Leaning Against Wall,"BOJ Faces Key Test to Rosy Forecast, Leaning Towards Standing Pat",1
Tense Party Enters Third Hour Of Unplayed Acoustic Guitar Leaning Against Wall,Murray Brothers Win Tense Doubles Against Australia,1
Attorney Friends Catch Up While Briskly Walking Down Courthouse Steps,France Steps Up Airstrikes in Syria,1
Attorney Friends Catch Up While Briskly Walking Down Courthouse Steps,Kid Rock Excused From Jury Duty at Detroit-Area Courthouse,1
Attorney Friends Catch Up While Briskly Walking Down Courthouse Steps,Sanders Invokes MLK Legacy as He Tries to Catch Clinton,1
I Am Fun,Woman Accused of Prostitution Says She Offered 'Free Fun',1
I Am Fun,"Halloween Phone Fun, With Haunted Games and Zombie Selfies",1
I Am Fun,Hamilton Just Wants to Have Fun Now,1
Worker Who Forgot Email Attachment Expects Coworkers To Forgive Her Just Like That,Pope to Allow All Priests to Forgive Abortion During Holy Year,1
Worker Who Forgot Email Attachment Expects Coworkers To Forgive Her Just Like That,Kane Expects England Improvement for France Friendly,1
Worker Who Forgot Email Attachment Expects Coworkers To Forgive Her Just Like That,Yahoo kills passwords for email,1
Dad Reaches Age Where It's No Longer Enjoyable To Make Fun Of How Old He Is,"Black Friday Just a Day This Year, No Longer a Bellwether",1
Dad Reaches Age Where It's No Longer Enjoyable To Make Fun Of How Old He Is,"Brooklyn Museum, Acknowledging Criticism, Reaches Out to Conference Protesters",1
Dad Reaches Age Where It's No Longer Enjoyable To Make Fun Of How Old He Is,"Paid Notice: Deaths  KLEIN, STEVEN DEAR DAD",1
John Boehner To Paul Ryan: ‘I Was Once Young And Beautiful Too’,Is Rubio Too Young for Republicans?,2
John Boehner To Paul Ryan: ‘I Was Once Young And Beautiful Too’,John Hodgman on What Makes a Creepy Christmas Card,1
John Boehner To Paul Ryan: ‘I Was Once Young And Beautiful Too’,‘Make Something Beautiful’: A Father’s Business Lesson,1
Tapas Arriving Too Fast,Fast-Breaking Celtics Surge Past Slumping Rockets,1
Tapas Arriving Too Fast,Factbox-Australian Fast Bowler Mitchell Johnson,1
Tapas Arriving Too Fast,"Pope Francis, Arriving in Cuba, Seeks to Revive Church",1
Man Trying To Enter Conversation Spends Few Minutes Smiling And Nodding At Edge Of Circle,A Conversation on the Edge of Human Perception,2
Man Trying To Enter Conversation Spends Few Minutes Smiling And Nodding At Edge Of Circle,Review: ‘The Man in the High Castle’ Imagines America Ruled by 2 Foreign Powers,1
Man Trying To Enter Conversation Spends Few Minutes Smiling And Nodding At Edge Of Circle,"In 5 Minutes, He Lets the Blind See",1
Shy Friend Experimenting With Personality,Savory Tarts to Win Over a Sugar-Shy Holiday Crowd,1
Shy Friend Experimenting With Personality,"Paid Notice: Memorials  WEIS, ROBERT FREEMAN BELOVED FRIEND OF OUR LATE PARENTS SUZANNE AND EDWARD BARON COHEN WHOSE COUNTLESS KINDNESSES TO US WILL NEVER BE FORGOTTEN. ANDREW AND RICHARD COHEN 1",1
Shy Friend Experimenting With Personality,Pumas' Formidable Scrum Reflects Our Personality-Matera,1
Thanksgiving Affords Nation Rare Opportunity To Eat Large Amounts Of Food While Watching Football,Argentina's President-Elect Inherits Large Economic Problems,1
Thanksgiving Affords Nation Rare Opportunity To Eat Large Amounts Of Food While Watching Football,Adam Skelos Talks of Missed Opportunity in Phone Call,1
Thanksgiving Affords Nation Rare Opportunity To Eat Large Amounts Of Food While Watching Football,"Stadium Food, for Foodies",1
Employee Executes Daring 3:30 P.M. Escape From Office,Obama to Hold News Conference at White House at 3:30 P.m.,2
Employee Executes Daring 3:30 P.M. Escape From Office,"ISIS Women and Enforcers in Syria Recount Collaboration, Anguish and Escape",1
Employee Executes Daring 3:30 P.M. Escape From Office,Georgia Official: Employee Fired for Releasing Voter Data,1
Man Reluctantly Deletes Video Of Friend Trying To Vault Mailbox To Clear Data Space For Child’s Birth,A Downtown Decorator in His Own Space,1
Man Reluctantly Deletes Video Of Friend Trying To Vault Mailbox To Clear Data Space For Child’s Birth,"Paid Notice: Memorials  WEIS, ROBERT FREEMAN BELOVED FRIEND OF OUR LATE PARENTS SUZANNE AND EDWARD BARON COHEN WHOSE COUNTLESS KINDNESSES TO US WILL NEVER BE FORGOTTEN. ANDREW AND RICHARD COHEN 1",1
Man Reluctantly Deletes Video Of Friend Trying To Vault Mailbox To Clear Data Space For Child’s Birth,Trying to Rescue a Suicide Bomber,1
Divorced Man Sadly Removes Ex-Wife’s Admin Privileges From Home Security System,"Sports Arenas Need Security, Not Complacency",2
Divorced Man Sadly Removes Ex-Wife’s Admin Privileges From Home Security System,FIFA Removes Thai FA's Executive Committee After Worawi Ban,1
Divorced Man Sadly Removes Ex-Wife’s Admin Privileges From Home Security System,Review: ‘The Man in the High Castle’ Imagines America Ruled by 2 Foreign Powers,1
"Unambitious Loser With Happy, Fulfilling Life Still Lives In Hometown",Belles Are Still Ringing,1
"Unambitious Loser With Happy, Fulfilling Life Still Lives In Hometown",Still No Dignity for Chinese Women,1
"Unambitious Loser With Happy, Fulfilling Life Still Lives In Hometown",Black Lives Matter on Minneapolis Attack,1
Two People Who Went To Same College Ruin Evening For Rest Of Group,Founder of Galleon Group Is Sued by Younger Brother,1
Two People Who Went To Same College Ruin Evening For Rest Of Group,Prosecutor: Driver in Parade Crash Went Around Barricade,1
Two People Who Went To Same College Ruin Evening For Rest Of Group,Online Support Grows for Missing Maryland College Student,1
No One In Group Admits Girls' Night Out A Colossal Failure,"For Gregg Turkington’s Character, There’s No Success Like Failure",1
No One In Group Admits Girls' Night Out A Colossal Failure,Donald Trump’s Not-So-Fond Farewell on ‘Saturday Night Live’,1
No One In Group Admits Girls' Night Out A Colossal Failure,Stallone Admits He 'Was Wrong' to Doubt 'Creed',1
Nation's Boyfriends Dreading 'Free Event In The Park' Season,Free Mitt Romney!,1
Nation's Boyfriends Dreading 'Free Event In The Park' Season,"Paul Ryan, Weighing Speakership, Puts His House Against the Nation’s",1
Nation's Boyfriends Dreading 'Free Event In The Park' Season,EU: Opposition in Kosovo Is Blocking Nation's Integration,1
Cocktail-Party Guest Cornered By Joel Stein,"Paid Notice: Memorials  STEIN, THEKLA NORDWIND",1
Cocktail-Party Guest Cornered By Joel Stein,Joel Meares and Kyle Griffin,1
Cocktail-Party Guest Cornered By Joel Stein,Billy Joel to Sing Anthem at Game 3 of World Series,1
Area Family Has No Idea Where Dad Gets Shirts,Woman's Death at Cleveland-Area Jail Ruled Accidental,1
Area Family Has No Idea Where Dad Gets Shirts,"Smarties, a Halloween Favorite, Maintains a Sweet Family Business",1
Area Family Has No Idea Where Dad Gets Shirts,"Paid Notice: Deaths  KLEIN, STEVEN DEAR DAD",1
Study: Majority Of Americans Not Prepared For A Sucker Punch To The Gut,Llong Review a Sucker-Punch for Rattled New Zealand,2
Study: Majority Of Americans Not Prepared For A Sucker Punch To The Gut,U.N. Says Ill-Prepared for Rwanda-Style Descent in Burundi,1
Study: Majority Of Americans Not Prepared For A Sucker Punch To The Gut,The Latest: Suu Kyi's Party Wins Historic Majority,1
‘Our Town’ Cast Party Going Off The Rails,Review: Paco Peña’s Troupe Flaunts Its Inventive Flamenco Style at Town Hall,1
‘Our Town’ Cast Party Going Off The Rails,French Attacks Cast Uncomfortable Spotlight on Brussels District,1
‘Our Town’ Cast Party Going Off The Rails,Rhythm on the Rails: Music Train Draws Fans From All Over,1
Teacher Asks Students To Split Into 2 Groups To Simulate Ideal Class Size,China Plans to Double Size of Economy,1
Teacher Asks Students To Split Into 2 Groups To Simulate Ideal Class Size,"Review: ‘The Hunger Games: Mockingjay Part 2,’ Katniss’s Final Battle",1
Teacher Asks Students To Split Into 2 Groups To Simulate Ideal Class Size,European Central Bank May Surprise With Size of New Stimulus,1
Bluetooth Headset Worn Throughout Date,&#8216;The Humans&#8217; Sets Broadway Opening Date,1
Bluetooth Headset Worn Throughout Date,Match Shares Gain on Their Debut,1
Bluetooth Headset Worn Throughout Date,NFL Headset Technology Better but Not Perfect,1
Night Out Thrown Off-Balance By Friend Unexpectedly Bringing Someone,"For China, Migrant Crisis Is Someone Else&#8217;s Fault, and Responsibility",1
Night Out Thrown Off-Balance By Friend Unexpectedly Bringing Someone,"From the Ear to the Page, the ‘Night Vale’ Podcast Becomes a Novel",1
Night Out Thrown Off-Balance By Friend Unexpectedly Bringing Someone,Bleisure: Pros and Cons of Bringing Spouses on Business Trip,1
"Date Disastrously Bypasses Physical Intimacy, Goes Straight To Emotional Intimacy","Review: ‘Brief Candle in the Dark,’ by Richard Dawkins, Puts Intellect Over Intimacy",2
"Date Disastrously Bypasses Physical Intimacy, Goes Straight To Emotional Intimacy",Review: Semyon Bychkov Leads the New York Philharmonic,2
"Date Disastrously Bypasses Physical Intimacy, Goes Straight To Emotional Intimacy",Review: ‘Dances for Intimate Spaces’ Offers Fun and Intimacy,2
Woman Mad Boyfriend Not Jealous She Danced With Other Guy,"In Male-Dominated Field of N.F.L. Broadcasts, a Woman Stands Out",1
Woman Mad Boyfriend Not Jealous She Danced With Other Guy,"Review: ‘Mad Libs Live!,’ a Musical With a Few Missing Pieces",1
Woman Mad Boyfriend Not Jealous She Danced With Other Guy,Braai-Mad South Africa Takes WHO Meat Warning With Pinch of Salt,1
"Morning Meeting Refocuses, Re-Energizes Sales Team","GOP Race Refocuses on Foreign Policy, Testing the Outsiders",1
"Morning Meeting Refocuses, Re-Energizes Sales Team",Meeting Set on Louisville Allegations,1
"Morning Meeting Refocuses, Re-Energizes Sales Team",News of Meeting Hits Chinese Airwaves,1
6-Year-Old Data Entry Prodigy Already Entertaining Offers From Major Temp Agencies,Pope Offers Lesson in Humility to Flashy African Leaders,1
6-Year-Old Data Entry Prodigy Already Entertaining Offers From Major Temp Agencies,Still Young: Former Teen Prodigy Comes Back Again at US Open,1
6-Year-Old Data Entry Prodigy Already Entertaining Offers From Major Temp Agencies,6-Year-Old Killed in Louisiana Police Chase,1
"Guy Carrying Guitar Case On Elevator Envied By Everyone On Elevator, Imagines Guy",No Elevator Service at Carlsbad Caverns National Park,2
"Guy Carrying Guitar Case On Elevator Envied By Everyone On Elevator, Imagines Guy","Boy, 16, Dies After Fall Down Elevator Shaft on Staten Island",2
"Guy Carrying Guitar Case On Elevator Envied By Everyone On Elevator, Imagines Guy","Guy V. Lewis, Coach of Phi Slama Jama Teams, Dies at 93",2
Bleary-Eyed Coworker Up All Night Generating More Work For You,‘Unskilled’ Work?,1
Bleary-Eyed Coworker Up All Night Generating More Work For You,"Review: ‘Black Work,’ a Mystery and Drama with Sheridan Smith",1
Bleary-Eyed Coworker Up All Night Generating More Work For You,Review: Naomi Wallace’s ‘Night Is a Room’ Unfurls a Complex Reunion,1
Frequent Flyer Knows Out-Of-The-Way Airport Bar That's Never Crowded,1915: Dog Knows Enemy Shell Fire,1
Frequent Flyer Knows Out-Of-The-Way Airport Bar That's Never Crowded,Micro-Distillers Craft Limited Space in Crowded Market,1
Frequent Flyer Knows Out-Of-The-Way Airport Bar That's Never Crowded,An Airport Survival Guide for Thanksgiving Travel,1
Top Thanksgiving Side Dishes,Thanksgiving and Christmas Meals at New York Area Restaurants,2
Top Thanksgiving Side Dishes,American Baumann Living the Dream on Logs and Dishes,1
Top Thanksgiving Side Dishes,The Top 10 Moments From Milan Fashion Week,1
How Can We Be More Productive To Society?,"Teammates Remember Lamar Odom's Productive, Selfless Career",1
How Can We Be More Productive To Society?,Can a Novelist Be Too Productive?: Q. &amp; A. With Stephen King,1
How Can We Be More Productive To Society?,Chamber Music Society of Lincoln Center Gets $4 Million Bequest,1
Jeb Bush Inching Podium Closer To Center Of Stage During Commercial Breaks,Jeb Bush Cites Paris Attacks in Calling for Stronger Military,2
Jeb Bush Inching Podium Closer To Center Of Stage During Commercial Breaks,Jeb Bush Wants Coalition to Fight ISIS,2
Jeb Bush Inching Podium Closer To Center Of Stage During Commercial Breaks,A New Slogan for Jeb Bush,2
World Wildlife Fund Quickly Backtracks After Announcing Panda Ears Are Delicious,"China Bars Anastasia Lin, Miss World Canada (and Rights Advocate)",1
World Wildlife Fund Quickly Backtracks After Announcing Panda Ears Are Delicious,Inexpensive Advice for Index and Exchange-Traded Fund Investments,1
World Wildlife Fund Quickly Backtracks After Announcing Panda Ears Are Delicious,Washington Zoo's Giant Panda Cub to Make Debut January 16,1
Guy At Bar A Little Too Into Stevie Ray Vaughan,"Paid Notice: Deaths  EDELHERTZ, MILLICENT RAY",1
Guy At Bar A Little Too Into Stevie Ray Vaughan,"Review: ‘Clever Little Lies,’ a Throwback to 1960s Broadway",1
Guy At Bar A Little Too Into Stevie Ray Vaughan,"Review: In &#8216;Little Thing, Big Thing,&#8217; a Nun, a Criminal and a Social Conscience",1
38-Year-Old Little Boy Posts Picture Of Fast Car He Likes To Facebook,Fast-Breaking Celtics Surge Past Slumping Rockets,1
38-Year-Old Little Boy Posts Picture Of Fast Car He Likes To Facebook,"Review: ‘Clever Little Lies,’ a Throwback to 1960s Broadway",1
38-Year-Old Little Boy Posts Picture Of Fast Car He Likes To Facebook,"Al Aqsa TV Chronicles Palestinian Uprising, Keeping Hamas in Picture",1
Why Are We Hosting Thanksgiving?,Freeing Thanksgiving From My Family,1
Why Are We Hosting Thanksgiving?,Horse Park Hosting Southern Lights Stroll,1
Why Are We Hosting Thanksgiving?,Erdogan Hosting World Leaders for G-20 After Election Boost,1
Modernized Space Camp Allows Kids To Simulate Frustration Over Lack Of Funding,2015 Holiday Gift Ideas and Guide — Kids,1
Modernized Space Camp Allows Kids To Simulate Frustration Over Lack Of Funding,Lyft Said to Seek $500 Million in Funding ,1
Modernized Space Camp Allows Kids To Simulate Frustration Over Lack Of Funding,A Downtown Decorator in His Own Space,1
Fast-Talking Computer Hacker Just Has To Break Through Encryption Shield Before Uploading Nano-Virus,Malaysia Arrests a Kosovo Hacker Linked to ISIS,1
Fast-Talking Computer Hacker Just Has To Break Through Encryption Shield Before Uploading Nano-Virus,Costa Rica to Shield Sea Turtles,1
Fast-Talking Computer Hacker Just Has To Break Through Encryption Shield Before Uploading Nano-Virus,U.S. Missile Shield a Threat to Russia's Nuclear Capability: Putin,1
New Extended Paternity Leave Offers Dads More Time To Lose Colleagues’ Respect,Mark Zuckerberg Plans 2-Month Paternity Leave From Facebook,2
New Extended Paternity Leave Offers Dads More Time To Lose Colleagues’ Respect,Zuckerberg to Take 2 Months of Paternity Leave,2
New Extended Paternity Leave Offers Dads More Time To Lose Colleagues’ Respect,"The Weekly Health Quiz: Dads, Concussions and Cholesterol",1
Lie To Cover Surprise Party Sounds More Fun Than Surprise Party,The Death of the Party,2
Lie To Cover Surprise Party Sounds More Fun Than Surprise Party,"This Halloween, Be the Talk of the Party",2
Lie To Cover Surprise Party Sounds More Fun Than Surprise Party,"Paul Ryan Expects Tea Party Aid, but Hard-Liners Also Gain",2
Study: U.S. Wastes 2 Million Hours Annually Figuring Out Where Tape Roll Starts,"Review: ‘The Hunger Games: Mockingjay Part 2,’ Katniss’s Final Battle",1
Study: U.S. Wastes 2 Million Hours Annually Figuring Out Where Tape Roll Starts,Wall St. bonuses down- study,1
Study: U.S. Wastes 2 Million Hours Annually Figuring Out Where Tape Roll Starts,"Housing Starts Fell in August, but Remained on Pace for Recovery",1
Lawyer Friend Makes Strong Case For Nachos,Thousands in Turkey Attend Funeral of Human Rights Lawyer,1
Lawyer Friend Makes Strong Case For Nachos,Prominent Kurdish Lawyer Is Killed in Southeast Turkey,1
Lawyer Friend Makes Strong Case For Nachos,The Farce Is Strong In This One,1
"Convention-Goer Removes Name Tag, Vanishes Back Into World Of Anonymous Hilton Orlando Guests",Photographing Veterans Back From War,1
"Convention-Goer Removes Name Tag, Vanishes Back Into World Of Anonymous Hilton Orlando Guests",Swiss Watchmaker Tag Heuer Teams Up With Big Tech for Smartwatch,1
"Convention-Goer Removes Name Tag, Vanishes Back Into World Of Anonymous Hilton Orlando Guests",Anonymous Hackers Fight ISIS but Reactions Are Mixed,1
Americans Celebrate Thanksgiving,Asian-Americans and Stereotypes,1
Americans Celebrate Thanksgiving,A New Place to Celebrate Cool California Design,1
Americans Celebrate Thanksgiving,Revelers Celebrate the Launch of Germany&#8217;s Carnival,1
Study Finds Working At Work Improves Productivity,Study Finds Chicago Home to Nation's Worst Bottleneck,2
Study Finds Working At Work Improves Productivity,Italian Doctor Working for Children's Charity Killed in Kenya,1
Study Finds Working At Work Improves Productivity,Wall St. bonuses down- study,1
Tips For Buying A New Computer,Thanksgiving Flying: Tips to Survive the Travel Madness,1
Tips For Buying A New Computer,3 Tips on What to Wear This Holiday ­Season,1
Tips For Buying A New Computer,"Review: In Miranda July’s ‘New Society,’ the Audience Makes the Show ",1
New Viacom Ad Tells Employees To Get Back To Work,FSB's Carney Tells Banks There Is No 'Basel IV' on the Way,1
New Viacom Ad Tells Employees To Get Back To Work,The Ad Council Adapts to Stay Relevant in an Age of Social Action,1
New Viacom Ad Tells Employees To Get Back To Work,‘Unskilled’ Work?,1
Spider-Man Mask Spices Up Blind Date,"In 5 Minutes, He Lets the Blind See",1
Spider-Man Mask Spices Up Blind Date,6 - Year-Old Canadian With Cancer Lives Spider-Man Dream,1
Spider-Man Mask Spices Up Blind Date,Date Night With the Democrats,1
Man Desperately Trying To Wring Every Last Ounce Of Relaxation From Final Day Of Vacation,"In Horror Films, the ‘Final Girl’ Is a Survivor to the Core",2
Man Desperately Trying To Wring Every Last Ounce Of Relaxation From Final Day Of Vacation,Review: ‘The Man in the High Castle’ Imagines America Ruled by 2 Foreign Powers,1
Man Desperately Trying To Wring Every Last Ounce Of Relaxation From Final Day Of Vacation,There's a Holiday Gift to Make Every TV Fan Happy,1
Tips For Last-Minute Test Cramming,Thanksgiving Flying: Tips to Survive the Travel Madness,1
Tips For Last-Minute Test Cramming,3 Tips on What to Wear This Holiday ­Season,1
Tips For Last-Minute Test Cramming,Hong Kong's Fong to Test With Sauber,1
Happy New Year,A Year Without Tamir,1
Happy New Year,"‘The New Tsar: The Rise and Reign of Vladimir Putin,’ by Steven Lee Myers",1
Happy New Year,"Review: In Miranda July’s ‘New Society,’ the Audience Makes the Show ",1
Elderly Woman Relieved To Know She’s Tackled Last Technological Advancement Of Lifetime,Candidate Carson Touts U.S. Health Savings Accounts for Elderly,1
Elderly Woman Relieved To Know She’s Tackled Last Technological Advancement Of Lifetime,"In Male-Dominated Field of N.F.L. Broadcasts, a Woman Stands Out",1
Elderly Woman Relieved To Know She’s Tackled Last Technological Advancement Of Lifetime,Paris Attacks: What We Know and Don’t Know,1
"Michelle Obama, Hillary Clinton, Barbara Bush Hit D.C. Bar Scene For First Ladies Night Specials",Hillary Rodham Clinton on ISIS,2
"Michelle Obama, Hillary Clinton, Barbara Bush Hit D.C. Bar Scene For First Ladies Night Specials",Hillary Clinton on Gun Control,2
"Michelle Obama, Hillary Clinton, Barbara Bush Hit D.C. Bar Scene For First Ladies Night Specials",Inside the Hillary Clinton Campaign,2
New Super-Fast Transport System Powered By Passengers’ Screams,"In Arbitration, a ‘Privatization of the Justice System’",1
New Super-Fast Transport System Powered By Passengers’ Screams,"‘The New Tsar: The Rise and Reign of Vladimir Putin,’ by Steven Lee Myers",1
New Super-Fast Transport System Powered By Passengers’ Screams,"Review: In Miranda July’s ‘New Society,’ the Audience Makes the Show ",1
Man In Solitary Confinement Can’t Break With Reality Fast Enough,Solitary Confinement Is Cruel and All Too Common,2
Man In Solitary Confinement Can’t Break With Reality Fast Enough,California Agrees to Overhaul Use of Solitary Confinement,2
Man In Solitary Confinement Can’t Break With Reality Fast Enough,Prison Officials Join Movement to Curb Solitary Confinement,2
Impressive New Hire Figures Out Bare Minimum Of Work Job Requires On First Day,"Lumet’s ‘Dog Day Afternoon’: Hot Crime, Summer in the City",1
Impressive New Hire Figures Out Bare Minimum Of Work Job Requires On First Day,Sharapova Surprised by Impressive Form on Latest Comeback,1
Impressive New Hire Figures Out Bare Minimum Of Work Job Requires On First Day,‘Unskilled’ Work?,1
Planning A Dinner Party,The Death of the Party,1
Planning A Dinner Party,A Dinner — and a Recipe — Celebrating Naples,1
Planning A Dinner Party,"Paul Ryan Expects Tea Party Aid, but Hard-Liners Also Gain",1
Tips For Using Online Dating Sites,"4chan Message Board Sold to Founder of 2Channel, a Japanese Web Culture Pioneer",1
Tips For Using Online Dating Sites,Online Polls Are Rising. So Are Concerns About Their Results.,1
Tips For Using Online Dating Sites,Thanksgiving Flying: Tips to Survive the Travel Madness,1
Report: Strongest Human Relationships Emerge From Bashing Friend Who Couldn't Make It Out,"After '16 Exit, Walker Aims to Restore Relationships at Home",1
Report: Strongest Human Relationships Emerge From Bashing Friend Who Couldn't Make It Out,Thousands in Turkey Attend Funeral of Human Rights Lawyer,1
Report: Strongest Human Relationships Emerge From Bashing Friend Who Couldn't Make It Out,Nasdaq Center Aims to Build Relationships With Startups,1
Mood In Car Takes Grim Turn After Dad Misses Exit,Grimes Takes Over the Guggenheim,1
Mood In Car Takes Grim Turn After Dad Misses Exit,"Paid Notice: Deaths  KLEIN, STEVEN DEAR DAD",1
Mood In Car Takes Grim Turn After Dad Misses Exit,Improved Defense Helps Texans Turn Season Around,1
"Wall Street Firm Develops New High-Speed Algorithm Capable Of Performing Over 10,000 Ethical Violations Per Second",Fox Business Network and The Wall Street Journal to Sponsor G.O.P. Debate in Milwaukee on Nov. 10,2
"Wall Street Firm Develops New High-Speed Algorithm Capable Of Performing Over 10,000 Ethical Violations Per Second",Morning Agenda: Bonus Pay on Wall Street Likely to Fall,2
"Wall Street Firm Develops New High-Speed Algorithm Capable Of Performing Over 10,000 Ethical Violations Per Second",Cotto Stripped of WBC Title Before Alvarez Pay-Per-View,1
Driver's Ed Class Finally Gets To See Legendary Safety Film,"Female Producers and Directors Mean Female Crew Members, Film Study Finds",1
Driver's Ed Class Finally Gets To See Legendary Safety Film,Israeli Artist Remembers Legendary Holocaust Victim,1
Driver's Ed Class Finally Gets To See Legendary Safety Film,"In 5 Minutes, He Lets the Blind See",1
How To Cook A Perfect Thanksgiving Turkey,Turkey to Investigate Images of Dead Kurdish Man Being Dragged,1
How To Cook A Perfect Thanksgiving Turkey,Prominent Kurdish Lawyer Is Killed in Southeast Turkey,1
How To Cook A Perfect Thanksgiving Turkey,John Cook Is Named Executive Editor of Gawker Media,1
Doctors Recommend Getting 8 Centuries Of Cryosleep,Doctors Without Borders Says Yemen Hospital Is Destroyed,1
Doctors Recommend Getting 8 Centuries Of Cryosleep,Text to Text | &#8216;Stop Revering Magna Carta&#8217; and &#8216;Eight Centuries of Liberty&#8217;,1
Doctors Recommend Getting 8 Centuries Of Cryosleep,"A Castle as a Home, With Centuries of Irish History",1
Report: Texting While Driving Okay If You Look Up Every Couple Seconds,France-England Game Is a Friendly in Every Sense of the Word,1
Report: Texting While Driving Okay If You Look Up Every Couple Seconds,There's a Holiday Gift to Make Every TV Fan Happy,1
Report: Texting While Driving Okay If You Look Up Every Couple Seconds,Every day is Black Friday now at  Amazon,1
Area Dad Off To Bad Start With Waitress,Woman's Death at Cleveland-Area Jail Ruled Accidental,1
Area Dad Off To Bad Start With Waitress,"Paid Notice: Deaths  KLEIN, STEVEN DEAR DAD",1
Area Dad Off To Bad Start With Waitress,"Cola, a New Start-up, Introduces Ways to Do More in Text Messages",1
"Sweating, Trembling Mom Still Coming Down From High Of Having Kids Under One Roof",2015 Holiday Gift Ideas and Guide — Kids,1
"Sweating, Trembling Mom Still Coming Down From High Of Having Kids Under One Roof",Mother: Television’s Favorite Role,1
"Sweating, Trembling Mom Still Coming Down From High Of Having Kids Under One Roof",A Zaha Hadid Design at the High Line,1
"Employee Returns From Vacation Refreshed, Ready To Waste Time",EU Takes Greece to Court for Poor Treatment of Waste Water,1
"Employee Returns From Vacation Refreshed, Ready To Waste Time",Ex-Senator&rsquo;s Annual Fight Against Government Waste Gets New Champion,1
"Employee Returns From Vacation Refreshed, Ready To Waste Time",Popcast: Adele Returns,1
"Sadly, Gift Certificate To Loews Cinemas Perfect Gift For Area Man",2015 Holiday Gift Ideas and Guide — Kids,2
"Sadly, Gift Certificate To Loews Cinemas Perfect Gift For Area Man",T’s 2015 Holiday Gift Guide,2
"Sadly, Gift Certificate To Loews Cinemas Perfect Gift For Area Man",2015 Holiday Gift Ideas and Guide — Home,2
States Now Offering Millions In Tax Breaks To Any Person Who Says ‘High-Tech Jobs’,UK Bombing of Syria to Cost 'in the Low Tens of Millions of Pounds': Osborne,1
States Now Offering Millions In Tax Breaks To Any Person Who Says ‘High-Tech Jobs’,"Army Blimp Breaks Loose, Drifts Over Pennsylvania",1
States Now Offering Millions In Tax Breaks To Any Person Who Says ‘High-Tech Jobs’,Dutch Fashion Designer Melds the Traditional and High-Tech,1
I'm A Dinner-Party Animal,Babies top the week's animal stories,1
I'm A Dinner-Party Animal,"I'm Back in the Top League, Declares Nadal",1
I'm A Dinner-Party Animal,"Playful Animal Sculptures, Inspired by Art History",1
Report: Climate Change To Force People To Double Ice Cream Consumption Speed By 2050,Chinese Report on Climate Change Depicts Somber Scenarios,2
Report: Climate Change To Force People To Double Ice Cream Consumption Speed By 2050,Dad&#8217;s Last Ice Cream,2
Report: Climate Change To Force People To Double Ice Cream Consumption Speed By 2050,French Foreign Minister on Climate Change,2
Guest Given Air Mattress That Will Slowly Deflate Throughout Night,"UK Jobless Rate Falls, but Wages Rise More Slowly Than Forecast",1
Guest Given Air Mattress That Will Slowly Deflate Throughout Night,Nobel Peace Prize Winners Throughout History,1
Guest Given Air Mattress That Will Slowly Deflate Throughout Night,Jackie Hoffman Kvetches Her Way to Royalty in ‘Once Upon a Mattress’,1
'The Natural' Not On TV Often Enough For Area Dad,Woman's Death at Cleveland-Area Jail Ruled Accidental,1
'The Natural' Not On TV Often Enough For Area Dad,"With the TV Business in Upheaval, Targeted Ads Offer Hope",1
'The Natural' Not On TV Often Enough For Area Dad,Justices Reject Administration's Advice More Often Lately,1
There's Only Room At This Party For One Guy Named Skeeter,Stramaccioni Named Coach of Panathinaikos,1
There's Only Room At This Party For One Guy Named Skeeter,There's a Holiday Gift to Make Every TV Fan Happy,1
There's Only Room At This Party For One Guy Named Skeeter,Kansas Official Shows Slides of Criminals Named Mohammed,1
Department Of Health And Human Services Recommends Standing At Least Once A Day,Human Services Wage,2
Department Of Health And Human Services Recommends Standing At Least Once A Day,Thousands in Turkey Attend Funeral of Human Rights Lawyer,1
Department Of Health And Human Services Recommends Standing At Least Once A Day,Health Benefits of Tea? Here’s What the Evidence Says,1
Guy's Entire Job Just Asking People If They Have Time For A Quick Chat,Your Job Title Is … What?,1
Guy's Entire Job Just Asking People If They Have Time For A Quick Chat,Review: ‘A Journey Through Time With Anthony’ Adapts a Chinese Young-Adult Novel,1
Guy's Entire Job Just Asking People If They Have Time For A Quick Chat,France’s Wrinkle in Time,1
Huckabee Earns Nickel For Presidential Campaign By Painting Old Widow’s Picket Fence,Jindal suspends presidential campaign,2
Huckabee Earns Nickel For Presidential Campaign By Painting Old Widow’s Picket Fence,Who’s Winning the Presidential Campaign?,2
Huckabee Earns Nickel For Presidential Campaign By Painting Old Widow’s Picket Fence,Painting the 20th Century,1
Father Teaches Son How To Fly Into Rage Over Completely Inconsequential Bullshit,Nicklaus to Return to Father-Son Challenge,2
Father Teaches Son How To Fly Into Rage Over Completely Inconsequential Bullshit,Turkey Renews Call for Syria No-Fly Zone,1
Father Teaches Son How To Fly Into Rage Over Completely Inconsequential Bullshit,The Latest: Father Says Acquaintance Warned of Gunfight,1
Nation’s Conservationists Warn There Only 8 Trillion Rats Left,EU: Opposition in Kosovo Is Blocking Nation's Integration,1
Nation’s Conservationists Warn There Only 8 Trillion Rats Left,"Students at Wa